页号,章节/方法名,方法标识符,函数签名,说明
1,欢迎进入EPS脚本语言参考,,,欢迎进入EPS脚本语言参考 Online Help 欢迎进入 EPS 脚本语言参考 欢迎进入 EPS 脚本语言参考！ EPS 脚本语言遵循 VBScript 和 JScript 语言标准，支持用户二次开发，主要实现 EPS 平台数据整理，数据转换等处理。 SSProcess 是系统缺省定义的对象，是
2,脚本样例,,,脚本样例 Online Help 脚本样例 脚本样例
3,用户手册,,,用户手册 Online Help 用户手册 用户手册 什么是 VBScript 语言？ 什么是 JScript 语言？ 什么是 EPS 脚本语言？ 在 EPS 软件中使用脚本语言 EPS 脚本语言规则 EPS 脚本语言对象 EPS 脚本语言对象参考
4,什么是VBScript语言,,,什么是VBScript语言 Online Help 什么是 VBScript 语言 什么是 VBScript 语言 什么是 VBScript ？ Microsoft Visual Basic Scripting Edition 是程序开发语言 Visual Basic 家族的最新成员，它将灵活的脚本
5,什么是JScript语言,,,什么是JScript语言 Online Help 什么是 JScript 语言 什么是 JScript 语言！ 什么是 JScript ？ JScript 是 Microsoft 公司对 ECMA 262 语言规范（ ECMAScript 编辑器 3 ）的一种实现。除了少数例外（为了保持向后兼容），
6,什么是EPS脚本语言,,,什么是EPS脚本语言 Online Help 什么是 EPS 脚本语言 什么是 EPS 脚本语言 EPS 脚本语言遵循 VBScript 或 JScript 语言标准，支持用户二次开发，主要实现 EPS 平台数据整理，数据转换等处理。 SSProcess 是系统缺省定义的对象，是与 EPS 平台交互
7,在EPS软件中使用脚本语言,,,在EPS软件中使用脚本语言 Online Help 在 EPS 软件中使用脚本语言 在 EPS 软件中使用脚本语言 在 EPS 系统软件中可通过在命令行输入 Script 命令激活脚本编辑器，如下图： 脚本采用目录树方式组织脚本，支持新建脚本分组、删除脚本分组、新建脚本、删除脚本、保存脚本和执行脚本
8,EPS脚本语言规则,ClearSelection,SSProcess.ClearSelection,EPS脚本语言规则 Online Help EPS 脚本语言规则 EPS 脚本语言规则 脚本的入口函数为 OnClick() ，在一个脚本程序中必须定义 OnClick 函数 2) 脚本包括以下系统消息函数 BeforeSaveImportData() 在执行导入外部数据存库前激活 BeforeSa
9,EPS脚本语言对象,ClearSelection,SSProcess.ClearSelection,EPS脚本语言对象 Online Help EPS 脚本语言对象 EPS 脚本语言对象 SSProcess 是 EPS 脚本语言固有的对象，是与 EPS 平台交互的主要入口对象， SSProcess 对象的功能包括工程管理、选择集操作、图形编辑操作、数据整理、数据转换、坐标转换和系统设置等功能函数。
10,语言参考,,,语言参考 Online Help 语言参考 语言参考 SSProcess 对象参考 Function 对象参考 SSView 对象参考 SSArray 对象参考 SSParmeter 对象参考 SSFunc 对象参考 SSProject 对象参考 常用脚本函数
11,SSProcess对象参考,,,SSProcess对象参考 Online Help SSProcess 对象参考 SSProcess 对象参考 图形编辑操作 地模处理 工程管理函数 角度函数 数据检查 数据库操作 数据整理 数据转换 图幅操作 外部函数 系统设置 选择集操作 坐标转换函数 数学函数 系统设置函数 系统函数
12,图形编辑操作,,,图形编辑操作 Online Help 图形编辑操作 图形编辑操作 粘贴板对象加入到地图 AddClipBoardObjToMap 添加空间点到新图形对象 AddNewObjPoint 添加新创建图形对象到存库列表 AddNewObjToSaveObjList 添加新创建图形对象到选择集列表 AddN
13,粘贴板对象加入到地图,AddClipBoardObjToMap,"SSProcess.AddClipBoardObjToMap(insertPointX , insertPointY)","粘贴板对象加入到地图 Online Help 粘贴板对象加入到地图 AddClipBoardObjToMap 函数 AddClipBoardObjToMap 函数 粘贴板对象加入到地图。 SSProcess.AddClipBoardObjToMap(insertPointX , insertPoin"
14,添加空间点到新图形对象,AddNewObjPoint,"SSProcess.AddNewObjPoint( x, y, z, point type, name )","添加空间点到新图形对象 Online Help 添加空间点到新图形对象 AddNewObjPoint 函数 AddNewObjPoint 函数 添加空间点到新图形对象。 SSProcess.AddNewObjPoint( x, y, z, point type, name ) 参数 x 空间点 X "
15,添加新创建图形对象到存库列表,AddNewObjToSaveObjList,SSProcess.AddNewObjToSaveObjList(),添加新创建图形对象到存库列表 Online Help 添加新创建图形对象到存库列表 AddNewObjToSaveObjList 函数 AddNewObjToSaveObjList 函数 添加新创建图形对象到存库列表。 SSProcess.AddNewObjToSaveObjList() 参数 说明
16,添加新创建对象到选择集列表,AddNewObjToSelObjList,SSProcess.AddNewObjToSelObjList(),添加新创建对象到选择集列表 Online Help 添加新创建对象到选择集列表 AddNewObjToSelObjList 函数 AddNewObjToSelObjList 函数 添加新创建对象到选择集列表 SSProcess.AddNewObjToSelObjList() 参数 说明 执行该函数将
17,添加当前选择集指定地物到存库列表,AddSelGeoToSaveGeoList,SSProcess.AddSelGeoToSaveGeoList( index ),添加当前选择集指定地物到存库列表 Online Help 添加当前选择集指定地物到存库列表 AddSelGeoToSaveGeoList 函数 AddSelGeoToSaveGeoList 函数 添加当前选择集指定地物到存库列表。 SSProcess.AddSelGeoToSaveGeoList( 
18,添加当前选择集指定注记到存库列表,AddSelNoteToSaveNoteList,SSProcess.AddSelNoteToSaveNoteList( index ),添加当前选择集指定注记到存库列表 Online Help 添加当前选择集指定注记到存库列表 AddSelNoteToSaveNoteList 函数 AddSelNoteToSaveNoteList 函数 添加当前选择集指定注记到存库列表。 SSProcess.AddSelNoteToSaveNote
19,增加对象序列属性,AddSeqRecord,"SSProcess.AddSeqRecord(geoID,fieldNames,filedValues,seqTableName)","增加对象序列属性 Online Help 增加对象序列属性 AddSeqRecord 函数 AddSeqRecord 函数 增加对象序列属性 SSProcess.AddSeqRecord(geoID,fieldNames,filedValues,seqTableName) 参数 geoID 地物 I"
20,执行修改选择集操作,ChangeSelectionObj,SSProcess.ChangeSelectionObj(),执行修改选择集操作 Online Help 执行修改选择集操作 ChangeSelectionObj 函数 ChangeSelectionObj 函数 执行修改选择集操作。 SSProcess.ChangeSelectionObj() 参数 说明 该函数根据 SetChangeSelectionPa
21,修改选择集内对象的属性,ChangeSelectionObjAttr,"SSProcess.ChangeSelectionObjAttr( attrField, attrValue)","修改选择集内对象的属性 Online Help 修改选择集内对象的属性 ChangeSelectionObjAttr 函数 ChangeSelectionObjAttr 函数 修改选择集内对象的属性。 SSProcess.ChangeSelectionObjAttr( attrField, attr"
22,清空选择集修改参数,ClearChangeSelectionParameter,SSProcess.ClearChangeSelectionParameter(),清空选择集修改参数 Online Help 清空选择集修改参数 ClearChangeSelectionParameter 函数 ClearChangeSelectionParameter 函数 清空选择集修改参数。 SSProcess.ClearChangeSelectionParameter()
23,删除选择集对象中落在图幅边线上接边点,ClearSelectionObjOnFramePoint,"SSProcess.ClearSelectionObjOnFramePoint (onlineLimit,offset)",删除选择集对象中落在图幅边线上接边点 Online Help 删除选择集对象中落在图幅边线上接边点 ClearSelectionObjOnFramePoint 函数 ClearSelectionObjOnFramePoint 函数 删除选择集对象中落在图幅边线上接边点。 SSProcess.Clea
24,复制当前选择集指定地物,CloneSelGeo,SSProcess.CloneSelGeo(index),复制当前选择集指定地物 Online Help 复制当前选择集指定地物 CloneSelGeo 函数 CloneSelGeo 函数 复制当前选择集指定地物 SSProcess.CloneSelGeo(index) 参数 index 选择集中地物索引号 说明 该函数用于复制当前选择集指定地物。 示例 
25,复制当前选择集指定注记,CloneSelNote,SSProcess.CloneSelNote(index),复制当前选择集指定注记 Online Help 复制当前选择集指定注记 CloneSelNote 函数 CloneSelNote 函数 复制当前选择集指定注记 SSProcess.CloneSelNote(index) 参数 index 对象序号 说明 该函数用于复制当前选择集指定注记。 示例 Su
26,面属性转换到LABEL点属性,CopyAreaAttrToLabel,"SSProcess.CopyAreaAttrToLabel( areaLayer, labelLayer)","面属性转换到LABEL点属性 Online Help 面属性转换到 LABEL 点属性 CopyAreaAttrToLabel 函数 CopyAreaAttrToLabel 函数 面属性转换到 LABEL 点属性。 SSProcess.CopyAreaAttrToLabel( areaLayer, "
27,LABEL点属性转换到面属性,CopyLabelAttrToArea,"SSProcess.CopyLabelAttrToArea( labelLayer, areaLayer)","LABEL点属性转换到面属性 Online Help LABEL 点属性转换到面属性 CopyLabelAttrToArea 函数 CopyLabelAttrToArea 函数 LABEL 点属性转换到面属性。 SSProcess.CopyLabelAttrToArea( labelLayer, a"
28,创建新图形对象,CreateNewObj,SSProcess.CreateNewObj( type ),创建新图形对象 Online Help 创建新图形对象 CreateNewObj 函数 CreateNewObj 函数 创建新图形对象。 SSProcess.CreateNewObj( type ) 参数 type 创建新对象类型，包括 0 （点） 1 （线） 2 （面） 3 （注记） 说明 执行该
29,根据注记分类号创建新图形对象,CreateNewObjByClass,SSProcess.CreateNewObjByClass( fontclass ),根据注记分类号创建新图形对象 Online Help 根据注记分类号创建新图形对象 CreateNewObjByClass 函数 CreateNewObjByClass 函数 根据注记分类号创建新图形对象。 SSProcess.CreateNewObjByClass( fontclass ) 参数 
30,根据地物编码创建新图形对象,CreateNewObjByCode,SSProcess.CreateNewObjByCode( code ),根据地物编码创建新图形对象 Online Help 根据地物编码创建新图形对象 CreateNewObjByCode 函数 CreateNewObjByCode 函数 根据地物编码创建新图形对象。 SSProcess.CreateNewObjByCode( code ) 参数 code 创建地物的编
31,删除图层,DeleteLayer,SSProcess.DeleteLayer(layerName),删除图层 Online Help 删除图层 DeleteLayer 函数 DeleteLayer 函数 删除图层。 SSProcess.DeleteLayer(layerName) 参数 layerName 要删除的图层名称 说明 执行该函数，将先删除图层内的所有对象，后删除图层。 示例 下面示例删
32,删除新创建图形对象,DeleteNewObj,SSProcess.DeleteNewObj(),删除新创建图形对象 Online Help 删除新创建图形对象 DeleteNewObj 函数 DeltetNewObj 函数 删除新创建图形对象。 SSProcess.DeleteNewObj() 参数 说明 执行该函数，将删当前新创建对象。 示例 下面示例添加新对象到数据库： Sub OnCli
33,删除图形对象,DeleteObject,SSProcess.DeleteObject (geoID),删除图形对象 Online Help 删除图形对象 DeleteObject 函数 DeleteObject 函数 删除图形对象。 SSProcess.DeleteObject (geoID) 参数 geoID 要删除的图形 ID 说明 执行该函数，将删除指定 ID 的地物。 示例 Sub OnCl
34,删除图形对象的空间点,DeleteObjectPoint,"SSProcess.DeleteObjectPoint (geoID,pointIndex,delPointCount)","删除图形对象的空间点 Online Help 删除图形对象的空间点 DeleteObjectPoint 函数 DeleteObjectPoint 函数 删除图形对象的空间点。 SSProcess.DeleteObjectPoint (geoID,pointIndex,delPointCount) 参"
35,删除选择集对象,DeleteSelectionObj,SSProcess.DeleteSelectionObj(),删除选择集对象 Online Help 删除选择集对象 DeleteSelectionObj 函数 DeleteSelectionObj 函数 删除选择集内的所有对象。 SSProcess.DeleteSelectionObj() 参数 说明 执行该函数，将删除选择集内的所有对象。 示例 下面示例删
36,删除当前选择集指定地物的空间点,DeleteSelGeoPoint,"SSProcess.DeleteSelGeoPoint( index,pointindex)","删除当前选择集指定地物的空间点 Online Help 删除当前选择集指定地物的空间点 DeleteSelGeoPoint 函数 DeleteSelGeoPoint 函数 删除当前选择集指定地物的空间点。 SSProcess.DeleteSelGeoPoint( index,pointindex) "
37,删除当前选择集指定注记的空间点,DeleteSelNotePoint,"SSProcess.DeleteSelNotePoint( index,pointindex )","删除当前选择集指定注记的空间点 Online Help 删除当前选择集指定注记的空间点 DeleteSelNotePoint 函数 DeleteSelNotePoint 函数 删除当前选择集指定注记的空间点。 SSProcess.DeleteSelNotePoint( index,pointinde"
38,删除对象序列属性,DeleteSeqRecord,"SSProcess.DeleteSeqRecord(geoID,seqID,seqTableName)","删除对象序列属性 Online Help 删除对象序列属性 DeleteSeqRecord 函数 DeleteSeqRecord 函数 删除对象序列属性。 SSProcess.DeleteSeqRecord(geoID,seqID,seqTableName) 参数 geoID 地物 ID seqID"
39,删除当前选择集指定地物,DelSelGeo,SSProcess.DelSelGeo(index),"删除当前选择集指定地物 Online Help 删除当前选择集指定地物 DelSelGeo 函数 DelSelGeo 函数 删除当前选择集指定地物。 SSProcess.DelSelGeo(index) 参数 index 选择集地物的索引号 , 从 0 开始 说明 执行该函数，将删除当前选择集中指定"
40,删除当前选择集指定注记,DelSelNote,SSProcess.DelSelNote( index ),"删除当前选择集指定注记 Online Help 删除当前选择集指定注记 DelSelNote 函数 DelSelNote 函数 删除当前选择集指定注记。 SSProcess.DelSelNote( index ) 参数 index 选择集注记的索引号 , 从 0 开始 说明 执行该函数，将删除当前选"
41,对象打散,ExplodeObj,"SSProcess.ExplodeObj(objID,explodeWay,delsrcObj,callbackFunctionName)","对象打散 Online Help 对象打散 ExplodeObj 函数 ExplodeObj 函数 对象打散。 SSProcess.ExplodeObj(objID,explodeWay,delsrcObj,callbackFunctionName) 参数 objID 对象 ID explodeWa"
42,打散选择集对象,ExplodeSelectionObj,"SSProcess.ExplodeSelectionObj( explodeWay, delSrcObj, callbackFunctionName)","打散选择集对象 Online Help 打散选择集对象 ExplodeSelectionObj 函数 ExplodeSelectionObj 函数 打散选择集内的所有对象。 SSProcess.ExplodeSelectionObj( explodeWay, delSrcObj, callbackF"
43,数据输出到二进制流,ExportDataToStream,SSProcess.ExportDataToStream(byteObjList),数据输出到二进制流 Online Help 数据输出到二进制流 ExportDataToStream 函数 ExportDataToStream 函数 数据输出到二进制流。 SSProcess.ExportDataToStream(byteObjList) 参数 byteObjList 二进制对象列
44,房产库数据输出到二进制流,ExportDataToStream4House,"SSProcess.ExportDataToStream4House(dataType ， fromSelection,byteObjList)",房产库数据输出到二进制流 Online Help 房产库数据输出到二进制流 ExportDataToStream4House 函数 ExportDataToStream4House 函数 房产数据输出到二进制流。 SSProcess.ExportDataToStream4House(dataType
45,选择集内对象节点抽稀,FilterSelectionObjVertex,"SSProcess.FilterSelectionObjVertex(miniDistV, miniDistH ,saveHeightMark, saveSurveyPoint, saveTurnPoint, saveFramePoint)","选择集内对象节点抽稀 Online Help 选择集内对象节点抽稀 FilterSelectionObjVertex 函数 FilterSelectionObjVertex 函数 选择集内对象节点抽稀。 SSProcess.FilterSelectionObjVertex(miniDistV, mi"
46,根据SQL条件查找编码,FindFeatureCode,"SSProcess.FindFeatureCode(featureTBName,matchConditions)","根据SQL条件查找编码 Online Help 根据 SQL 条件查找编码 FindFeatureCode 函数 FindFeatureCode 函数 根据 SQL 条件查找编码 SSProcess.FindFeatureCode(featureTBName,matchConditions) 参数 "
47,根据Byname查找编码,FindFeatureCodeByname,SSProcess.FindFeatureCodeByname(byname),根据Byname查找编码 Online Help 根据 Byname 查找编码 FindFeatureCodeByname 函数 FindFeatureCodeByname 函数 根据 Bymane 查找编码。 SSProcess.FindFeatureCodeByname(byname) 参数 b
48,根据SQL条件查找注记分类号,FindNoteClass,"SSProcess.FindNoteClass(notetemplateTBName,matchConditions)","根据SQL条件查找注记分类号 Online Help 根据 SQL 条件查找注记分类号 FindNoteClass 函数 FindNoteClass 函数 根据 SQL 条件查找注记分类号。 SSProcess.FindNoteClass(notetemplateTBName,matchCondit"
49,根据Byname查找注记分类号,FindNoteClassByname,SSProcess.FindNoteClassByname(byname),根据Byname查找注记分类号 Online Help 根据 Byname 查找注记分类号 FindNoteClassByname 函数 FindNoteClassByname 函数 根据 Byname 查找注记分类号。 SSProcess.FindNoteClassByname(byname) 参
50,求点到折线集的距离和左右方向,GetDistDir,"SSProcess.GetDistDir(geoID,X,Y,Irec,Flag)","求点到折线集的距离和左右方向 Online Help 求点到折线集的距离和左右方向 GetDistDir 函数 GetDistDir 函数 求点到折线集的距离和左右方向。 SSProcess.GetDistDir(geoID,X,Y,Irec,Flag) 参数 geoID 折线集的 ID X 点到 "
51,查找指定地物最近边索引,GetNearDist,"SSProcess.GetNearDist(geoID,x,y,index)","查找指定地物最近边索引 Online Help 查找指定地物最近边索引 GetNearDist 函数 GetNearDist 函数 查找指定地物最近边索引。 SSProcess.GetNearDist(geoID,x,y,index) 参数 geoID 被查找地物 ID x 查找位置（点）的 X 坐"
52,查找指定地物最近点索引,GetNearPointIndex,"SSProcess.GetNearPointIndex( geoID, x, y)","查找指定地物最近点索引 Online Help 查找指定地物最近点索引 GetNearPointIndex 函数 GetNearPointIndex 函数 查找指定地物最近点索引。 SSProcess.GetNearPointIndex( geoID, x, y) 参数 geoID 地物 ID x "
53,获取新创建对象句柄,GetNewObjHandle,SSProcess.GetNewObjHandle (),获取新创建对象句柄 Online Help 获取新创建对象句柄 GetNewObjHandle 函数 GetNewObjHandle 函数 获取新创建对象句柄。 SSProcess.GetNewObjHandle () 参数 说明 使用此函数将获取新创建对象句柄 示例 Sub OnClick() S
54,获取对象属性,GetObjectAttr,"SSProcess.GetObjectAttr( geoID, attrField)","获取对象属性 Online Help 获取对象属性 GetObjectAttr 函数 GetObjectAttr 函数 获取对象属性。 SSProcess.GetObjectAttr( geoID, attrField) 参数 geoID 地物 ID attrField 要获取的属性字段名称 , 见"
55,获取多边形的焦点,GetObjectFocusPoint,"SSProcess.GetObjectFocusPoint( geoID, x, y)","获取多边形的焦点 Online Help 获取多边形的焦点 GetObjectFocusPoint 函数 GetObjectFocusPoint 函数 获取多边形的焦点。 SSProcess.GetObjectFocusPoint( geoID, x, y) 参数 geoID 地物 ID x 返回的"
56,获取多边形在图幅内的焦点,GetObjectFocusPointInFrame,"SSProcess.GetObjectFocusPointInFrame(geoID,frmCenterX,frmCenterY,x,y)",获取多边形在图幅内的焦点 Online Help 获取多边形在图幅内的焦点 GetObjectFocusPointInFrame 函数 GetObjectFocusPointInFrame 函数 获取多边形在图幅内的焦点。 SSProcess.GetObjectFocusPointInFrame(g
57,获取指定地物的空间点信息,GetObjectPoint,"SSProcess.GetObjectPoint(id,pointindex,x,y,z,ptype,name)","获取指定地物的空间点信息 Online Help 获取指定地物的空间点信息 GetObjectPoint 函数 GetObjectPoint 函数 获取指定地物空间点信息。 SSProcess.GetObjectPoint(id,pointindex,x,y,z,ptype,name) 参数 id "
58,获取指定位置点高程值,GetPointHeight,"SSProcess.GetPointHeight(x,y,fromMode)","获取指定位置点高程值 Online Help 获取指定位置点高程值 GetPointHeight 函数 GetPointHeight 函数 获取指定位置点高程。 SSProcess.GetPointHeight(x,y,fromMode) 参数 x 位置点屏幕坐标 x y 位置点屏幕坐标 y fro"
59,获取当前选择集地物个数,GetSelGeoCount,SSProcess.GetSelGeoCount(),获取当前选择集地物个数 Online Help 获取当前选择集地物个数 GetSelGeoCount 函数 GetSelGeoCount 函数 获取当前选择集地物个数。 SSProcess.GetSelGeoCount() 参数 说明 执行该函数，将获取执行 SelectFilter 函数后当前选择
60,获取选择集图形句柄,GetSelGeoHandle,SSProcess.GetSelGeoHandle (index),获取选择集图形句柄 Online Help 获取选择集图形句柄 GetSelGeoHandle 函数 GetSelGeoHandle 函数 获取选择集图形句柄。 SSProcess.GetSelGeoHandle (index) 参数 index 选择集地物的索引号，从 0 开始 说明 使用此函数获
61,获取当前选择集指定地物的空间点信息,GetSelGeoPoint,"SSProcess.GetSelGeoPoint( index, pointindex, x, y, z, point type, name )","获取当前选择集指定地物的空间点信息 Online Help 获取当前选择集指定地物的空间点信息 GetSelGeoPoint 函数 GetSelGeoPoint 函数 获取当前选择集指定地物的空间点信息。 SSProcess.GetSelGeoPoint( index, pointindex, x,"
62,获取当前选择集指定地物的点数,GetSelGeoPointCount,SSProcess.GetSelGeoPointCount( index ),获取当前选择集指定地物的点数 Online Help 获取当前选择集指定地物的点数 GetSelGeoPointCount 函数 GetSelGeoPointCount 函数 获取当前选择集指定地物的点数。 SSProcess.GetSelGeoPointCount( index ) 参数 inde
63,获取当前选择集指定地物的属性,GetSelGeoValue,"SSProcess.GetSelGeoValue( index, attrField)","获取当前选择集指定地物的属性 Online Help 获取当前选择集指定地物的属性 GetSelGeoValue 函数 GetSelGeoValue 函数 获取当前选择集指定地物的属性。 SSProcess.GetSelGeoValue( index, attrField) 参数 index 选择集"
64,获取当前选择集注记个数,GetSelNoteCount,SSProcess.GetSelNoteCount(),获取当前选择集注记个数 Online Help 获取当前选择集注记个数 GetSelNoteCount 函数 GetSelNoteCount 函数 获取当前选择集注记个数。 SSProcess.GetSelNoteCount() 参数 说明 执行该函数，将获取执行 SelectFilter 函数后当
65,获取选择集注记句柄,GetSelNoteHandle,SSProcess.GetSelNoteHandle(index),"获取选择集注记句柄 Online Help 获取选择集注记句柄 GetSelNoteHandle 函数 GetSelNoteHandle 函数 获取选择集注记句柄。 SSProcess.GetSelNoteHandle(index) 参数 index 选择集地物的索引号 , 从 0 开始 说明 此函"
66,获取当前选择集指定注记的空间点信息,GetSelNotePoint,"SSProcess.GetSelNotePoint( index, pointindex, x, y, z, point type, name )","获取当前选择集指定注记的空间点信息 Online Help 获取当前选择集指定注记的空间点信息 GetSelNotePoint 函数 GetSelNotePoint 函数 获取当前选择集指定注记的空间点信息。 SSProcess.GetSelNotePoint( index, pointindex,"
67,获取当前选择集指定注记的点数,GetSelNotePointCount,SSProcess.GetSelNotePointCount( index ),获取当前选择集指定注记的点数 Online Help 获取当前选择集指定注记的点数 GetSelNotePointCount 函数 GetSelNotePointCount 函数 获取当前选择集指定注记的点数。 SSProcess.GetSelNotePointCount( index ) 参数 i
68,获取当前选择集指定注记的属性,GetSelNoteValue,"SSProcess.GetSelNoteValue( index, attrField)","获取当前选择集指定注记的属性 Online Help 获取当前选择集指定注记的属性 GetSelNoteValue 函数 GetSelNoteValue 函数 获取当前选择集指定注记的属性。 SSProcess.GetSelNoteValue( index, attrField) 参数 index "
69,获取选择集内容句柄,GetSelObjHandle,SSProcess.GetSelObjHandle(),获取选择集内容句柄 Online Help 获取选择集内容句柄 GetSelObjHandle 函数 GetSelObjHandle 函数 获取选择集内容句柄。 SSProcess.GetSelObjHandle() 参数 说明 执行该函数，将获取选择集的内容句柄。 示例 Sub OnClick()
70,提取选择集内容,GetSelObjList,SSProcess.GetSelObjList(Handle),提取选择集内容 Online Help 提取选择集内容 GetSelObjList 函数 GetSelObjList 函数 提取选择集内容。 SSProcess.GetSelObjList(Handle) 参数 Handle 数据源句柄 说明 执行该函数，将提取选择集内容。
71,获取当前选择集指定地物的面心点坐标,GetSelPolygonFocus,"SSProcess.GetSelPolygonFocus(index,x,y,z)","获取当前选择集指定地物的面心点坐标 Online Help 获取当前选择集指定地物的面心点坐标 GetSelPolygonFocus 函数 GetSelPolygonFocus 函数 获取当前选择集指定地物的面心点坐标。 SSProcess.GetSelPolygonFocus(index,x,y,"
72,获取对象序列ID列表,GetSeqIDList,"SSProcess.GetSeqIDList(geoID, seqIDList, seqTableName)","获取对象序列ID列表 Online Help 获取对象序列 ID 列表 GetSeqIDList 函数 GetSeqIDList 函数 获取对象序列 ID 列表。 SSProcess.GetSeqIDList(geoID, seqIDList, seqTableName) 参数 geoID 地物 I"
73,获取对象序列属性,GetSeqRecordCount,"SSProcess.GetSeqRecordCount( geoID,seqTableName)","获取对象序列属性 Online Help 获取对象序列属性 GetSeqRecord 函数 GetSeqRecord 函数 获取对象序列属性。 GetSeqRecord(geoID,seqID,fieldNames,fieldValues,seqTableName) 参数 geoID 对象 ID s"
74,获取对象序列属性个数,GetSeqRecordCount,"SSProcess.GetSeqRecordCount(geoID,seqTableName)","获取对象序列属性个数 Online Help 获取对象序列属性个数 GetSeqRecordCount 函数 GetSeqRecordCount 函数 获取对象序列属性个数。 SSProcess.GetSeqRecordCount(geoID,seqTableName) 参数 geoID 对象 ID"
75,从二进制流导入数据,ImportDataFromStream,SSProcess.ImportDataFromStream(byteObjList),从二进制流导入数据 Online Help 从二进制流导入数据 ImportDataFromStream 函数 ImportDataFromStream 函数 从二进制流导入数据。 SSProcess.ImportDataFromStream(byteObjList) 参数 byteObjList 
76,从二进制流导入房产数据,ImportDataFromStream4House,SSProcess.ImportDataFromStream4House,从二进制流导入房产数据 Online Help 从二进制流导入房产数据 ImportDataFromStream4House 函数 ImportDataFromStream4House 函数 从二进制流导入房产数据。 SSProcess.ImportDataFromStream4House 参数 说
77,插入对象序列属性,InsertSeqRecord,"SSProcess.InsertSeqRecord(geoID,seqID,fieldNames,fieldValues,seqTableName)","插入对象序列属性 Online Help 插入对象序列属性 InsertSeqRecord 函数 InsertSeqRecord 函数 插入对象序列属性。 SSProcess.InsertSeqRecord(geoID,seqID,fieldNames,fieldValues,seqTableNam"
78,是否为顺时针,IsClockwise,SSProcess.IsClockwise(geoID),是否为顺时针 Online Help 是否为顺时针 IsClockwise 函数 IsClockwise 函数 是否为顺时针。 SSProcess.IsClockwise(geoID) 参数 geoID 地物 ID 说明 执行该函数，判断该地物是否为顺时针。 返回 0 逆时针 1 顺时针 示例 Su
79,判断编码是否存在,IsExistentFeatureCode,SSProcess.IsExistentFeatureCode( code ),判断编码是否存在 Online Help 判断编码是否存在 IsExistentFeatureCode 函数 IsExistentFeatureCode 函数 判断编码是否存在。 SSProcess.IsExistentFeatureCode( code ) 参数 code 要判断的编码 说明 执行
80,判断分类号是否存在,IsExistentFontClass,SSProcess.IsExistentFontClass( code ),判断分类号是否存在 Online Help 判断分类号是否存在 IsExistentFontClass 函数 IsExistentFontClass 函数 判断注记分类号是否存在。 SSProcess.IsExistentFontClass( code ) 参数 code 要判断的注记分类号 说明 
81,线分解,LineCrack,"SSProcess.LineCrack(geoID,longcrackMode)","线分解 Online Help 线分解 LineCrack 函数 LineCrack 函数 线分解。 SSProcess.LineCrack(geoID,longcrackMode) 参数 geoID 地物 ID longcrackMode 分解模式 0 ：分解折线； 1 ：分解多义线 说明 执行该"
82,距离平行线,LineParallelDist,"SSProcess.LineParallelDist(geoID,dist,direction,wholeLine,moveOrCopy)","距离平行线 Online Help 距离平行线 LineParallelDist 函数 LineParallelDist 函数 距离平行线。 SSProcess.LineParallelDist(geoID,dist,direction,wholeLine,moveOrCopy) 参数 geoID "
83,比例平行线,LineParallelScale,"SSProcess.LineParallelScale(geoID,side,newDist,moveOrCopy)","比例平行线 Online Help 比例平行线 LineParallelScale 函数 LineParallelScale 函数 比例平行线。 SSProcess.LineParallelScale(geoID,side,newDist,moveOrCopy) 参数 geoID 地物 ID sid"
84,锁定(解锁)指定地物的点列,LockObjectPoint,SSProcess.LockObjectPoint(geoID status),锁定(解锁)指定地物的点列 Online Help 锁定 ( 解锁 ) 指定地物的点列 LockObjectPoint 函数 LockObjectPoint 函数 锁定 ( 解锁 ) 指定地物的点列。 SSProcess.LockObjectPoint(geoID status) 参数 geoID 
85,锁定(解锁)当前选择集指定地物的点列,LockSelGeoPoint,"SSProcess.LockSelGeoPoint( index, status )","锁定(解锁)当前选择集指定地物的点列 Online Help 锁定 ( 解锁 ) 当前选择集指定地物的点列 LockSelGeoPoint 函数 LockSelGeoPoint 函数 锁定 ( 解锁 ) 当前选择集指定地物的点列。 SSProcess.LockSelGeoPoint( index, "
86,锁定(解锁)当前选择集指定注记的点列,LockSelNotePoint,"SSProcess.LockSelNotePoint(index, status)",锁定(解锁)当前选择集指定注记的点列 Online Help 锁定 ( 解锁 ) 当前选择集指定注记的点列 LockSelNotePoint 函数 LockSelNotePoint 函数 锁定 ( 解锁 ) 当前选择集指定注记的点列。 SSProcess.LockSelNotePoint(index
87,带条件线面合并,MergeObjByCondition,"SSProcess.MergeObjByCondition(mergeType,srcObjCodes,maxMergeDist,isMergeByRange,rangeCodes,isMergeGroupByAttr,fieldNames, isMergeOnFrameLine,getObjMode)","带条件线面合并 Online Help 带条件线面合并 MergeObjByCondition 函数 MergeObjByCondition 函数 带条件线面合并。 SSProcess.MergeObjByCondition(mergeType,srcObjCodes,maxMergeDist,is"
88,合并指定ID列表地物,MergeObjPointList,"SSProcess.MergeObjPointList(objIDs,limit,delLinkObj)","合并指定ID列表地物 Online Help 合并指定 ID 列表地物 MergeObjPointList 函数 MergeObjPointList 函数 合并指定 ID 列表地物。 SSProcess.MergeObjPointList(objIDs,limit,delLinkObj) 参数 ob"
89,平移选择集对象,OffsetSelectionObj,"SSProcess.OffsetSelectionObj( x, y, z)","平移选择集对象 Online Help 平移选择集对象 OffsetSelectionObj 函数 OffsetSelectionObj 函数 平移选择集内的所有对象。 SSProcess.OffsetSelectionObj( x, y, z) 参数 x X 坐标平移量 y Y 坐标平移量 z Z"
90,设置Undo标志,PushUndoMark,SSProcess.PushUndoMark(),设置Undo标志 Online Help 设置 Undo 标志 PushUndoMark 函数 PushUndoMark 函数 设置 Undo 标志 SSProcess.PushUndoMark() 参数 说明 执行该函数，将为往后的编辑操作设置 Undo 标志，支持后面操作的回退。
91,删除选择集对象的空间点,RemoveSelectionObjPoint,"SSProcess.RemoveSelectionObjPoint( index, count)","删除选择集对象的空间点 Online Help 删除选择集对象的空间点 RemoveSelectionObjPoint 函数 RemoveSelectionObjPoint 函数 删除选择集对象的空间点。 SSProcess.RemoveSelectionObjPoint( index, count"
92,移除当前选择集指定地物,RemoveSelGeo,SSProcess.RemoveSelGeo(index),移除当前选择集指定地物 Online Help 移除当前选择集指定地物 RemoveSelGeo 函数 RemoveSelGeo 函数 移除当前选择集指定地物。 SSProcess.RemoveSelGeo(index) 参数 index 地物索引号，从 0 开始 说明 执行该函数，将移除当前选择集
93,移除当前选择集指定注记,RemoveSelNote,SSProcess.RemoveSelNote(index),移除当前选择集指定注记 Online Help 移除当前选择集指定注记 RemoveSelNote 函数 RemoveSelNote 函数 移除当前选择集指定索引序号的注记。 SSProcess.RemoveSelNote(index) 参数 index 注记索引号，从 0 开始 说明 执行该函数，
94,根据编码重置当前选择集指定地物的属性,ResetSelGeoByCode,"SSProcess.ResetSelGeoByCode(index,code)","根据编码重置当前选择集指定地物的属性 Online Help 根据编码重置当前选择集指定地物的属性 ResetSelGeoByCode 函数 ResetSelGeoByCode 函数 根据编码重置当前选择集指定地物的属性。 SSProcess.ResetSelGeoByCode(index,code"
95,根据注记分类号重置当前选择集指定注记的属性,ResetSelNoteByFontClass,"SSProcess.ResetSelNoteByFontClass(index,fontClass)",根据注记分类号重置当前选择集指定注记的属性 Online Help 根据注记分类号重置当前选择集指定注记的属性 ResetSelNoteByFontClass 函数 ResetSelNoteByFontClass 函数 根据注记分类号重置当前选择集指定注记的属性。 SSProcess.ResetSe
96,保存存库列表对象到数据库,SaveBufferObjToDatabase,SSProcess.SaveBufferObjToDatabase(),保存存库列表对象到数据库 Online Help 保存存库列表对象到数据库 SaveBufferObjToDatabase 函数 SaveBufferObjToDatabase 函数 保存存库列表对象到数据库。 SSProcess.SaveBufferObjToDatabase() 参数 说明 执行
97,选择对象多边形裁剪,SelectionObjClip,"SSProcess.SelectionObjClip(clipPolygonID,clipFlag,extendDist)","选择对象多边形裁剪 Online Help 选择对象多边形裁剪 SelectionObjClip 函数 SelectionObjClip 函数 选择对象多边形裁剪。 SSProcess.SelectionObjClip(clipPolygonID,clipFlag,extendDist) 参数 cl"
98,选择对象多边形裁剪,SelectionObjClip1,"SSProcess.SelectionObjClip1(clipPolygonXYCoords,clipFlag)","选择对象多边形裁剪 Online Help 选择对象多边形裁剪 SelectionObjClip1 函数 SelectionObjClip1 函数 选择对象多边形裁剪。 SSProcess.SelectionObjClip1(clipPolygonXYCoords,clipFlag) 参数 clip"
99,选择集对象直角化处理,SelectionObjPerpendLize,"SSProcess.SelectionObjPerpendLize(minAngle,maxAngle,maxDistance)","选择集对象直角化处理 Online Help 选择集对象直角化处理 SelectionObjPerpendLize 函数 SelectionObjPerpendLize 函数 选择集对象直角化处理。 SSProcess.SelectionObjPerpendLize(minAngle,maxAngl"
100,选择集对象分割成单环面,SelectionObjSplitToSingleArea,SSProcess.SelectionObjSplitToSingleArea(),选择集对象分割成单环面 Online Help 选择集对象分割成单环面 SelectionObjSplitToSingleArea 函数 SelectionObjSplitToSingleArea 函数 选择集对象分割成单环面。 SSProcess.SelectionObjSplitToSingle
101,选择集对象拷贝到粘贴板,SelectionObjToClipBoard,SSProcess.SelectionObjToClipBoard(),选择集对象拷贝到粘贴板 Online Help 选择集对象拷贝到粘贴板 SelectionObjToClipBoard 函数 SelectionObjToClipBoard 函数 选择集对象拷贝到粘贴板。 SSProcess.SelectionObjToClipBoard() 参数 说明 执行该函数
102,当前选择集对象折线化,SelGeoGotoPoints,"SSProcess.SelGeoGotoPoints(index,mode)","当前选择集对象折线化 Online Help 当前选择集对象折线化 SelGeoGotoPoints 函数 SelGeoGotoPoints 函数 当前选择集对象折线化。 SSProcess.SelGeoGotoPoints(index,mode) 参数 index 地物索引号 mode 是否折线化"
103,当前选择集注记折线化,SelNoteGotoPoints,"SSProcess.SelNoteGotoPoints(index,mode)","当前选择集注记折线化 Online Help 当前选择集注记折线化 SelNoteGotoPoints 函数 SelNoteGotoPoints 函数 当前选择集对象折线化。 SSProcess.SelNoteGotoPoints(index,mode) 参数 index 注记索引号 , 从 0 开"
104,设置选择集修改参数,SetChangeSelectionObjParameter,"SSProcess.SetChangeSelectionObjParameter(matchConditions,updateSetAttrs)",设置选择集修改参数 Online Help 设置选择集修改参数 SetChangeSelectionObjParameter 函数 SetChangeSelectionObjParameter 函数 设置选择集修改参数。 SSProcess.SetChangeSelectionObjParamete
105,设置新图形对象属性,SetNewObjValue,"SSProcess.SetNewObjValue( attrField, attrValue)","设置新图形对象属性 Online Help 设置新图形对象属性 SetNewObjValue 函数 SetNewObjValue 函数 设置新图形对象属性。 SSProcess.SetNewObjValue( attrField, attrValue) 参数 attrField 要设置的属性字段名称"
106,修改对象属性值,SetObjectAttr,"SSProcess.SetObjectAttr( geoID, attrField, attrValue)","修改对象属性值 Online Help 修改对象属性值 SetObjectAttr 函数 SetObjectAttr 函数 修改对象属性值。 SSProcess.SetObjectAttr( geoID, attrField, attrValue) 参数 geoID 地物 ID attrField "
107,设置指定地物的空间点信息,SetObjectPoint,"SSProcess.SetObjectPoint(id,pointindex,x,,y,,z,,ptype,,name,savetodatabase)","设置指定地物的空间点信息 Online Help 设置指定地物的空间点信息 SetObjectPoint 函数 SetObjectPoint 函数 设置指定地物的空间点信息。 SSProcess.SetObjectPoint(id,pointindex,x,,y,,z,,ptype,,name,sa"
108,设置当前选择集指定地物的空间点信息,SetSelGeoPoint,"SSProcess.SetSelGeoPoint( index, pointindex, x, y, z, point type, name )","设置当前选择集指定地物的空间点信息 Online Help 设置当前选择集指定地物的空间点信息 SetSelGeoPoint 函数 SetSelGeoPoint 函数 设置当前选择集指定地物的空间点信息。 SSProcess.SetSelGeoPoint( index, pointindex, x,"
109,设置当前选择集指定地物的属性,SetSelGeoValue,"SSProcess.SetSelGeoValue( index, attrField, attrValue)","设置当前选择集指定地物的属性 Online Help 设置当前选择集指定地物的属性 SetSelGeoValue 函数 SetSelGeoValue 函数 设置当前选择集指定地物的属性。 SSProcess.SetSelGeoValue( index, attrField, attrValue) 参"
110,设置当前选择集指定注记的空间点信息,SetSelNotePoint,"SSProcess.SetSelNotePoint( index, pointindex, x, y, z, point type, name )","设置当前选择集指定注记的空间点信息 Online Help 设置当前选择集指定注记的空间点信息 SetSelNotePoint 函数 SetSelNotePoint 函数 设置当前选择集指定注记的空间点信息。 SSProcess.SetSelNotePoint( index, pointindex,"
111,设置当前选择集指定注记的属性,SetSelNoteValue,"SSProcess.SetSelNoteValue( index, attrField, attrValue)","设置当前选择集指定注记的属性 Online Help 设置当前选择集指定注记的属性 SetSelNoteValue 函数 SetSelNoteValue 函数 设置当前选择集指定注记的属性。 SSProcess.SetSelNoteValue( index, attrField, attrValue"
112,设置选择集内容句柄,SetSelObjHandle,SSProcess.SetSelObjHandle(Handle),设置选择集内容句柄 Online Help 设置选择集内容句柄 SetSelObjHandle 函数 SetSelObjHandle 函数 设置选择集内容句柄。 SSProcess.SetSelObjHandle(Handle) 参数 Handle 句柄 说明 执行该函数，将设置选择集内容句柄。 示
113,设置对象序列属性,SetSeqRecord,"SSProcess.SetSeqRecord(geoID,seqID,fieldNames,fieldValues,seqTableName)","设置对象序列属性 Online Help 设置对象序列属性 SetSeqRecor 函数 SetSeqRecord 函数 设置对象序列属性。 SSProcess.SetSeqRecord(geoID,seqID,fieldNames,fieldValues,seqTableName) 参数 geoI"
114,弧段注记转单点注记,TransArcNotePointNote,SSProcess.TransArcNotePointNote(gnoteID),弧段注记转单点注记 Online Help 弧段注记转单点注记 TransArcNotePointNote 函数 TransArcNotePointNote 函数 弧段注记转单点注记。 SSProcess.TransArcNotePointNote(gnoteID) 参数 gnoteID 注记 ID
115,属性转图形,TransAttrToObj,"SSProcess.TransAttrToObj(geoID, fieldname, insertPointX, insertPointY)","属性转图形 Online Help 属性转图形 TransAttrToObj 函数 TransAttrToObj 函数 属性转图形。 SSProcess.TransAttrToObj(geoID, fieldname, insertPointX, insertPointY) 参数 geoID 存储图"
116,单点注记转弧段注记,TransPointNoteToArcNote,SSProcess.TransPointNoteToArcNote(noteID),单点注记转弧段注记 Online Help 单点注记转弧段注记 TransPointNoteToArcNote 函数 TransPointNoteToArcNote 函数 单点注记转弧段注记。 SSProcess.TransPointNoteToArcNote(noteID) 参数 noteID 注
117,根据注记模板表修改注记属性,UpdateNoteAttrByNoteTemplate,"SSProcess.UpdateNoteAttrByNoteTemplate(notetemplateTBName, matchConditions, updateSetAttrs)",根据注记模板表修改注记属性 Online Help 根据注记模板表修改注记属性 UpdateNoteAttrByNoteTemplate 函数 UpdateNoteAttrByNoteTemplate 函数 根据 NoteTemplate 注记模板表修改注记属性。 SSProcess.UpdateN
118,根据编码表修改地物属性,UpdateObjAttrByFeatureCode,"SSProcess.UpdateObjAttrByFeatureCode( featureTBName, matchConditions, updateSetAttrs)",根据编码表修改地物属性 Online Help 根据编码表修改地物属性 UpdateObjAttrByFeatureCode 函数 UpdateObjAttrByFeatureCode 函数 根据编码表修改选择集地物的属性。 SSProcess.UpdateObjAttrByFeatureCode(
119,更新当前选择集指定地物的点列,UpdateObjectPoint,"SSProcess.UpdateObjectPoint(geoID,savetodatabase)","更新当前选择集指定地物的点列 Online Help 更新当前选择集指定地物的点列 UpdateObjectPoint 函数 UpdateObjectPoint 函数 更新当前选择集指定地物的点列。 SSProcess.UpdateObjectPoint(geoID,savetodatabase) "
120,更新当前选择集地物的点列,UpdateSelGeoPoint,SSProcess.UpdateSelGeoPoint(index),"更新当前选择集地物的点列 Online Help 更新当前选择集地物的点列 UpdateSelGeoPoint 函数 UpdateSelGeoPoint 函数 更新当前选择集地物的点列。 SSProcess.UpdateSelGeoPoint(index) 参数 index 选择集注记的索引号 , "
121,更新当前选择集指定注记的点列,UpdateSelNotePoint,SSProcess.UpdateSelNotePoint(index),更新当前选择集指定注记的点列 Online Help 更新当前选择集指定注记的点列 UpdateSelNotePoint 函数 UpdateSelNotePoint 函数 更新当前选择集指定注记的点列。 SSProcess.UpdateSelNotePoint(index) 参数 index 选择集
122,放缩多边形,ZoomInoutPolygon,"SSProcess.ZoomInoutPolygon(geoID,dist,copy,code)","放缩多边形 Online Help 放缩多边形 ZoomInoutPolygon 函数 ZoomInoutPolygon 函数 放缩多边形。 SSProcess.ZoomInoutPolygon(geoID,dist,copy,code) 参数 geoID 地物 ID dist 缩放距离 copy "
123,地模处理,,,地模处理 Online Help 地模处理 地模处理 创建格网 CreateDem 生成等高线 CreateDgx 生成三角网外接多边形 CreateTriNetOutPolygon 创建三角网 CreateTriNet 删除格网 DeleteDem 删除三角网 DeleteTriNet 输出格网 
124,创建格网,CreateDem,"SSProcess.CreateDem(triNetName, demName, ltX, ltY, cellSize, rows, cols)","创建格网 Online Help 创建格网 CreateDem 函数 CreateDem 函数 创建格网。 SSProcess.CreateDem(triNetName, demName, ltX, ltY, cellSize, rows, cols) 参数 triNetName 创建格网的三角网名"
125,生成等高线,CreateDgx,"SSProcess.CreateDgx(triNetName, dengGaoJu, jqxCode, sqxCode, minDist, maxDist, saveToDatabase)","生成等高线 Online Help 生成等高线 CreateDgx 函数 CreateDgx 函数 生成等高线。 SSProcess.CreateDgx(triNetName, dengGaoJu, jqxCode, sqxCode, minDist, maxDist, saveToDatabase"
126,生成三角网外接多边形,CreateTriNetOutPolygon,"SSProcess.CreateTriNetOutPolygon( triNetName, layerName, geoCode, saveToDatabase )","生成三角网外接多边形 Online Help 生成三角网外接多边形 CreateTriNetOutPolygon 函数 CreateTriNetOutPolygon 函数 生成三角网外接多边形。 SSProcess.CreateTriNetOutPolygon( triNetName, layerN"
127,创建三角网,CreateTriNet,"SSProcess.CreateTriNet( groupName, triNetName, txxCodes, minZ, maxZ, minSideLength, maxSideLength, filterZ0, insertStep)","创建三角网 Online Help 创建三角网 CreateTriNet 函数 CreateTriNet 函数 创建三角网。 SSProcess.CreateTriNet( groupName, triNetName, txxCodes, minZ, maxZ, minSideLength, max"
128,删除格网,DeleteDem,SSProcess.DeleteDem( demName ),"删除格网 Online Help 删除格网 DeleteDem 函数 DeleteDem 函数 删除格网。 SSProcess.DeleteDem( demName ) 参数 demName 要删除的格网名称 说明 执行该函数 , 将删除名称为 demName 的格网。 示例 Sub OnClick"
129,删除三角网,DeleteTriNet,SSProcess.DeleteTriNet( triNetName ),"删除三角网 Online Help 删除三角网 DeleteTriNet 函数 DeleteTriNet 函数 删除三角网。 SSProcess.DeleteTriNet( triNetName ) 参数 triNetName 要删除的三角网名称 说明 执行该函数 , 将删除名称为 triNetNa"
130,输出格网,ExportDem,"SSProcess.ExportDem( demName, fileType, stretch, pathName)","输出格网 Online Help 输出格网 ExportDem 函数 ExportDem 函数 输出格网。 SSProcess.ExportDem( demName, fileType, stretch, pathName) 参数 demName 要输出的格网名称 fileType 格网文件格式 0"
131,转换三角网为图形,TransTriNetToGeo,"SSProcess.TransTriNetToGeo( triNetName, layerName, geoCode, saveToDatabase )","转换三角网为图形 Online Help 转换三角网为图形 TransTriNetToGeo 函数 TransTriNetToGeo 函数 转换三角网为图形。 SSProcess.TransTriNetToGeo( triNetName, layerName, geoCode, saveToData"
132,工程管理函数,,,工程管理函数 Online Help 工程管理 函数 工程管理函数 工程管理主要实现 EPS MDB 工程的创建、打开、关闭和数据合并等功能，包括以下方法： 关闭数据库 CloseDatabase 创建数据库 CreateDatabase 获取工程文件名 GetProjectFileName 获取系
133,关闭数据库,CloseDatabase,SSProcess.CloseDatabase(),关闭数据库 Online Help 关闭数据库 CloseDatabase 函数 CloseDatabase 函数 关闭当前打开的 EPS MDB 数据库。 SSProcess.CloseDatabase() 参数 说明 执行该函数，将关闭当前打开的工程，并把软件启动时打开的工程做为当前工程。 函数
134,创建新数据库,CreateDatabase,"SSProcess.CreateDatabase( templateName, fileName )","创建新数据库 Online Help 创建新数据库 CreateDatabase 函数 CreateDatabase 函数 创建 EPS MDB 数据库。 SSProcess.CreateDatabase( templateName, fileName ) 参数 templateName 为新建工程"
135,获取工程文件名,GetProjectFileName,SSProcess.GetProjectFileName(),获取工程文件名 Online Help 获取工程文件名 GetProjectFileName 函数 GetProjectFileName 函数 获取工程文件名。 SSProcess.GetProjectFileName() 参数 说明 获取工程文件名。 示例 Sub OnClick() strPro
136,获取系统路径名,GetSysPathName,SSProcess.GetSysPathName( mode),获取系统路径名 Online Help 获取系统路径名 GetSysPathName 函数 GetSysPathName 函数 获取系统路径名。 SSProcess.GetSysPathName( mode) 参数 mode 路径类别代号，代号不同获取的相关路径信息不同 mode 参数取范围及返回信
137,获取模板文件名,GetTemplateFileName,SSProcess.GetTemplateFileName(),获取模板文件名 Online Help 获取模板文件名 GetTemplateFileName 函数 GetTemplateFileName 函数 获取模板文件名。 SSProcess.GetTemplateFileName() 参数 说明 获取当前工程（ EDB ）使用的模板名，返回值为一个包含路
138,打开数据库,OpenDatabase,SSProcess.OpenDatabase( fileName ),打开数据库 Online Help 打开数据库 OpenDatabase 函数 OpenDatabase 函数 打开已存在的 EPS MDB 数据库。 SSProcess.OpenDatabase( fileName ) 参数 fileName 要打开的 EPS MDB 数据的全路径文件名。 说明 
139,选择文件名,SelectFileName,"SSProcess.SelectFileName( status, title, flags, filter )","选择文件名 Online Help 选择文件名 SelectFileNam 函数 SelectFileName 函数 打开文件选择对话框，选择文件名。 SSProcess.SelectFileName( status, title, flags, filter ) 参数 status 文件对话框选择"
140,选择路径,SelectPathName,SSProcess.SelectPathName(),选择路径 Online Help 选择路径 SelectPathName 函数 SelectPathName 函数 打开文件目录选择对话框，选择目录名。 SSProcess.SelectPathName() 参数 说明 执行该函数，将弹出文件目录选择对话框，以选择目录名。 函数执行成功，返回选择的路
141,更新当前地图,UpdateCurMap,SSProcess.UpdateCurMap(mapHandle),更新当前地图 Online Help 更新当前地图 UpdateCurMap 函数 UpdateCurMap 函数 更新当前地图。 SSProcess.UpdateCurMap(mapHandle) 参数 projectHandle 工程句柄 说明 执行该函数，更新当前地图 示例 下面示例切换当前工
142,角度函数,,,角度函数 Online Help 角度函数 角度函数 调整弧度在 0-2PI 间 AdjustAngle 调整度在 0-360 间 AdjustDegAngle 调整度分秒在 0-360 间 AdjustDmsAngle 度转度分分 DegToDmm 度转度分秒 DegToDms 度转弧度 DegT
143,调整弧度在0-2PI间,AdjustAngle,SSProcess.AdjustAngle(radian),调整弧度在0-2PI间 Online Help 调整弧度在 0-2PI 间 AdjustAngle 函数 AdjustAngle 函数 调整弧度在 0-2PI 间。 SSProcess.AdjustAngle(radian) 参数 radian 需要被转换的弧度值 说明 执行完函数后，弧度值被调整在
144,调整度在0-360间,AdjustDegAngle,SSProcess.AdjustDegAngle(deg),调整度在0-360间 Online Help 调整度在 0-360 间 AdjustDegAngle 函数 AdjustDegAngle 函数 调整度在 0-360 间。 SSProcess.AdjustDegAngle(deg) 参数 deg 度 说明 该函数为角度函数，用于将单位为度的角度值调整
145,调整度分秒在0-360间,AdjustDmsAngle,SSProcess.AdjustDmsAngle(dms),调整度分秒在0-360间 Online Help 调整度分秒在 0-360 间 AdjustDmsAngle 函数 AdjustDmsAngle 函数 调整度分秒在 0-360 间。 SSProcess.AdjustDmsAngle(dms) 参数 dms 单位为度分秒的角度值 说明 该函数为角度函
146,度转度分分,DegToDmm,SSProcess.DegToDmm(deg),度转度分分 Online Help 度转度分分 DegToDmm 函数 DegToDmm 函数 度转度分分。 SSProcess.DegToDmm(deg) 参数 deg 度 说明 执行该函数，将度转为度分分 示例 Sub OnClick() SSProcess.PushUndoMark SSPro
147,度转度分秒,DegToDms,SSProcess.DegToDms(deg),度转度分秒 Online Help 度转度分秒 DegToDms 函数 DegToDms 函数 度转度分秒。 SSProcess.DegToDms(deg) 参数 deg 度，可以用小数表示 说明 执行该函数，将度转为度分秒 示例 Sub OnClick() D = SSProcess. DegTo
148,度转弧度,DegToRadian,SSProcess.DegToRadian(deg),度转弧度 Online Help 度转弧度 DegToRadian 函数 DegToRadian 函数 度转弧度。 SSProcess.DegToRadian(deg) 参数 deg 要转换的度数 说明 执行该函数，将度转为弧度 示例 Sub OnClick() noteangle = 10 Get
149,度分分转度,DmmToDeg,SSProcess.DmmToDeg(dmm),度分分转度 Online Help 度分分转度 DmmToDeg 函数 DmmToDeg 函数 度分分转度。 SSProcess.DmmToDeg(dmm) 参数 dmm 度分分值 说明 执行该函数，将度分分转为度 示例 Sub OnClick() dmm = 179.123423243 Angle
150,度分秒转度,DmsToDeg,SSProcess.DmsToDeg(dms),度分秒转度 Online Help 度分秒转度 DmsToDeg 函数 DmsToDeg 函数 度分秒转度。 SSProcess.DmsToDeg(dms) 参数 dms 度分秒值 说明 执行该函数，将度分秒转为度 示例 下面示例将 179 度 12 分 34 秒转换成度： Sub OnClick(
151,度分秒转弧度,DmsToRadian,SSProcess.DmsToRadian(dms),度分秒转弧度 Online Help 度分秒转弧度 DmsToRadian 函数 DmsToRadian 函数 度分秒转弧度。 SSProcess.DmsToRadian(dms) 参数 dms 度分秒值 说明 执行该函数，将度分秒转为弧度 示例 下面示例将 179 度 59 分 60 秒转换成弧度
152,度分秒转秒,DmsToSec,SSProcess.DmsToSec(dms),度分秒转秒 Online Help 度分秒转秒 DmsToSec 函数 DmsToSec 函数 度分秒转秒。 SSProcess.DmsToSec(dms) 参数 dms 度分秒值 说明 执行该函数，将度分秒转为秒。 示例 下面示例将 179 度 59 分 60 秒转换成秒： Sub OnClick
153,弧度转度,RadianToDeg,SSProcess.RadianToDeg(radian),弧度转度 Online Help 弧度转度 RadianToDeg 函数 RadianToDeg 函数 弧度转度。 SSProcess.RadianToDeg(radian) 参数 radian 要转换的角度的弧度值 说明 执行该函数，将弧度转为度。 示例 Sub OnClick() radian 
154,弧度转度分秒,RadianToDms,SSProcess.RadianToDms(radian),弧度转度分秒 Online Help 弧度转度分秒 RadianToDms 函数 RadianToDms 函数 弧度转度分秒。 SSProcess.RadianToDms(radian) 参数 radian 要转换的角度的弧度值 说明 执行该函数，将弧度转为度分秒。 示例 Sub OnClick()
155,秒转度分秒,SecToDms,SSProcess.SecToDms(sec),秒转度分秒 Online Help 秒转度分秒 SecToDms 函数 SecToDms 函数 秒转度分秒。 SSProcess.SecToDms(sec) 参数 radian 地物的秒值 说明 使用此函数将地物角度从秒值转换为度分秒形式。 示例 下面示例将秒转换为度分秒值： Sub OnClick
156,坐标正反算函数,XYSA,"SSProcess.XYSA(x0, y0, x1, y1, dist, angle, flag)","坐标正反算函数 Online Help 坐标正反算函数 XYSA 函数 XYSA 函数 坐标正反算函数。 SSProcess.XYSA(x0, y0, x1, y1, dist, angle, flag) 参数 x0 第 1 点 X 坐标 y0 第 1 点 Y 坐标 x1 第 2 点 X 坐标 y1"
157,数据检查,,,数据检查 Online Help 数据检查 数据检查 添加检查记录 AddCheckRecord 清空检查记录 ClearCheckRecord 获取检查记录总数 GetCheckRecordCount 获取检查记录 GetCheckRecordValue 读取检查记录 LoadCheckRecor
158,添加检查记录,AddCheckRecord,"SSProcess.AddCheckRecord( group, check, checkmodel, description, x, y, z, objtype, geoids, noteids )","添加检查记录 Online Help 添加检查记录 AddCheckRecord 函数 AddCheckRecord 函数 添加检查记录。 SSProcess.AddCheckRecord( group, check, checkmodel, description, x, y, z, objtyp"
159,清空检查记录,ClearCheckRecord,SSProcess.ClearCheckRecord (),清空检查记录 Online Help 清空检查记录 ClearCheckRecord 函数 ClearCheckRecord 函数 清空检查记录。 SSProcess.ClearCheckRecord () 参数 说明 使用此函数清空生成的检查记录 示例 Sub OnClick() SSProces
160,获取检查记录总数,GetCheckRecordCount,SSProcess.GetCheckRecordCount(),获取检查记录总数 Online Help 获取检查记录总数 GetCheckRecordCount 函数 GetCheckRecordCount 函数 获取检查记录总数。 SSProcess.GetCheckRecordCount() 参数 说明 该函数为数据检查函数，用于获取检查总数。 示例 Di
161,获取检查记录,GetCheckRecordValue,"SSProcess.GetCheckRecordValue(nIndex,strFields,strValues)","获取检查记录 Online Help 获取检查记录 GetCheckRecordValue 函数 GetCheckRecordValue 函数 获取检查记录。 SSProcess.GetCheckRecordValue(nIndex,strFields,strValues) 参数 nIndex 检查"
162,读取检查记录,LoadCheckRecord,SSProcess.LoadCheckRecord(),读取检查记录 Online Help 读取检查记录 LoadCheckRecord 函数 LoadCheckRecord 函数 读取检查记录。 SSProcess.LoadCheckRecord() 参数 说明 执行该函数，将从数据库中读取所有检查记录到内存。 示例 Sub OnClick() SS
163,删除检查记录,RemoveCheckRecord,"SSProcess.RemoveCheckRecord( group, check )","删除检查记录 Online Help 删除检查记录 RemoveCheckRecord 函数 RemoveCheckRecord 函数 删除检查记录。 SSProcess.RemoveCheckRecord( group, check ) 参数 group 检查组名 , 为空时 , 删除所有组检查记"
164,保存检查记录,SaveCheckRecord,SSProcess.SaveCheckRecord(),保存检查记录 Online Help 保存检查记录 SaveCheckRecord 函数 SaveCheckRecord 函数 保存检查记录。 SSProcess.SaveCheckRecord() 参数 说明 执行该函数，将保存内存中的所有检查记录到数据库。 示例 Sub OnClick() SS
165,显示检查结果,ShowCheckOutput,SSProcess.ShowCheckOutput(),显示检查结果 Online Help 显示检查结果 ShowCheckOutput 函数 ShowCheckOutput 函数 显示检查结果。 SSProcess.ShowCheckOutput() 参数 说明 执行该函数，将弹出检查记录输出对话框 示例 Sub OnClick() SSProces
166,保存检查记录到数据库,WriteCheckRecord,SSProcess.WriteCheckRecord(),保存检查记录到数据库 Online Help 保存检查记录到数据库 WriteCheckRecord 函数 WriteCheckRecord 函数 保存检查记录到数据库。 SSProcess.WriteCheckRecord() 参数 说明 使用此函数将数据监理检查的错误记录保存到数据库中，相当于 
167,数据库操作,,,数据库操作 Online Help 数据库操作 数据库操作 是否是记录集的尾部 AccessIsEOF 移到记录集指定位置 AccessMove 移到记录集头部 AccessMoveFirst 移到记录集尾部 AccessMoveLast 移到记录集下一个 AccessMoveNext 移到记录集上
168,是否是记录集的尾部,AccessIsEOF,"SSProcess.AccessIsEOF( mdbName,sql )","是否是记录集的尾部 Online Help 是否是记录集的尾部 AccessIsEOF 函数 AccessIsEOF 函数 是否是记录集的尾部。 SSProcess.AccessIsEOF( mdbName,sql ) 参数 mdbName 数据库文件名称 sql 记录集查询语句 说明 执行该函数，"
169,移到记录集指定位置,AccessMove,"SSProcess.AccessMove(mdbName, sql, lRows)","移到记录集指定位置 Online Help 移到记录集指定位置 AccessMove 函数 AccessMove 函数 移到记录集指定位置。 SSProcess.AccessMove(mdbName, sql, lRows) 参数 mdbName 数据库文件名称 sql 记录集查询语句 lRows "
170,移到记录集头部,AccessMoveFirst,"SSProcess.AccessMoveFirst( mdbName,sql )","移到记录集头部 Online Help 移到记录集头部 AccessMoveFirst 函数 AccessMoveFirst 函数 移到记录集头部。 SSProcess.AccessMoveFirst( mdbName,sql ) 参数 mdbName 数据库文件名称 sql 记录集查询语句 说明 "
171,移到记录集尾部,AccessMoveLast,"SSProcess.AccessMoveLast( mdbName,sql )","移到记录集尾部 Online Help 移到记录集尾部 AccessMoveLast 函数 AccessMoveLast 函数 移到记录集尾部。 SSProcess.AccessMoveLast( mdbName,sql ) 参数 mdbName 数据库文件名称 sql 记录集查询语句 说明 执行该"
172,移到记录集下一个,AccessMoveNext,"SSProcess.AccessMoveNext( mdbName,sql )","移到记录集下一个 Online Help 移到记录集下一个 AccessMoveNext 函数 AccessMoveNext 函数 移到记录集下一个。 SSProcess.AccessMoveNext( mdbName,sql ) 参数 mdbName 数据库文件名称 sql 记录集查询语句 说明 "
173,移到记录集上一个,AccessMovePrev,"SSProcess.AccessMovePrev( mdbName,sql )","移到记录集上一个 Online Help 移到记录集上一个 AccessMovePrev 函数 AccessMovePrev 函数 移到记录集上一个。 SSProcess.AccessMovePrev( mdbName,sql ) 参数 mdbName 数据库文件名称 sql 记录集查询语句 说明 "
174,添加表记录,AddAccessRecord,"SSProcess.AddAccessRecord( mdbName,sql,fields,values )","添加表记录 Online Help 添加表记录 AddAccessRecord 函数 AddAccessRecord 函数 添加表记录。 SSProcess.AddAccessRecord( mdbName,sql,fields,values ) 参数 mdbName 数据库文件名称 sql 记录集"
175,关闭Access MDB文件,CloseAccessMdb,SSProcess.CloseAccessMdb( mdbName ),关闭Access MDB文件 Online Help 关闭 Access MDB 文件 CloseAccessMdb 函数 CloseAccessMdb 函数 关闭 Access Mdb 文件。 SSProcess.CloseAccessMdb( mdbName ) 参数 mdbName 要关闭的数
176,关闭数据表记录集,CloseAccessRecordset,"SSProcess.CloseAccessRecordset( mdbName,sql )","关闭数据表记录集 Online Help 关闭数据表记录集 CloseAccessRecordset 函数 CloseAccessRecordset 函数 关闭数据表记录集。 SSProcess.CloseAccessRecordset( mdbName,sql ) 参数 mdbName 数据库文件"
177,创建Access MDB文件,CreateAccessMdb,"SSProcess.CreateAccessMdb( templateName, mdbName )","创建Access MDB文件 Online Help 创建 Access MDB 文件 CreateAccessMdb 函数 CreateAccessMdb 函数 创建 Access Mdb 数据库文件。 SSProcess.CreateAccessMdb( templateName, mdbNam"
178,根据SQL语句创建数据表,CreateAccessTable,"SSProcess.CreateAccessTable( mdbName,createTabSql)","根据SQL语句创建数据表 Online Help 根据 SQL 语句创建数据表 CreateAccessTable 函数 CreateAccessTable 函数 根据 SQL 语句创建数据表。 SSProcess.CreateAccessTable( mdbName,createTabSql) 参"
179,创建指定图层和类型的属性表,CreateAccessTable1,"SSProcess.CreateAccessTable1( mdbName,layerName, objecType)","创建指定图层和类型的属性表 Online Help 创建指定图层和类型的属性表 CreateAccessTable1 函数 CreateAccessTable1 函数 创建指定图层和类型的属性表。 SSProcess.CreateAccessTable1( mdbName,layerName, ob"
180,删除表记录,DelAccessRecord,"SSProcess.DelAccessRecord( mdbName,sql )","删除表记录 Online Help 删除表记录 DelAccessRecord 函数 DelAccessRecord 函数 删除表记录。 SSProcess.DelAccessRecord( mdbName,sql ) 参数 mdbName 数据库文件名称 sql 记录集查询语句 说明 执行该函数，"
181,执行Sql语句,ExecuteAccessSql,"SSProcess.ExecuteAccessSql( mdbName,sql )","执行Sql语句 Online Help 执行 Sql 语句 ExecuteAccessSql 函数 ExecuteAccessSql 函数 执行 Sql 语句。 SSProcess.ExecuteAccessSql( mdbName,sql ) 参数 mdbName 数据库文件名称 sql sql "
182,输出选择集中指定图层和类型的属性数据,ExportSelectionToAccessTable,"SSProcess.ExportSelectionToAccessTable( mdbName,layerName, objecType)",输出选择集中指定图层和类型的属性数据 Online Help 输出选择集中指定图层和类型的属性数据 ExportSelectionToAccessTable 函数 ExportSelectionToAccessTable 函数 输出选择集中指定图层和类型的属性数据。 SSProcess.Export
183,获取数据库表字段结构,GetAccessFieldInfo,"SSProcess.GetAccessFieldInfo(mdbName, tableName, fieldInfos)","获取数据库表字段结构 Online Help 获取数据库表字段结构 GetAccessFieldInfo 函数 GetAccessFieldInfo 函数 获取数据库表字段结构。 SSProcess.GetAccessFieldInfo(mdbName, tableName, fieldInfos)"
184,获取数据库表指定字段结构,GetAccessFieldInfo1,"SSProcess.GetAccessFieldInfo1(mdbName,tableName,fieldName,fieldInfos)","获取数据库表指定字段结构 Online Help 获取数据库表指定字段结构 GetAccessFieldInfo1 函数 GetAccessFieldInfo1 函数 获取数据库表指定字段结构。 SSProcess.GetAccessFieldInfo1(mdbName,tableName,fiel"
185,获取表记录,GetAccessRecord,"SSProcess.GetAccessRecord( mdbName,sql,fields,values)","获取表记录 Online Help 获取表记录 GetAccessRecord 函数 GetAccessRecord 函数 获取表记录 SSProcess.GetAccessRecord( mdbName,sql,fields,values) 参数 mdbName 数据库文件名称 sql 记录集查询"
186,获取表记录集记录个数,GetAccessRecordCount,"SSProcess.GetAccessRecordCount( mdbName,sql )","获取表记录集记录个数 Online Help 获取表记录集记录个数 GetAccessRecordCount 函数 GetAccessRecordCount 函数 获取表记录集记录个数 SSProcess.GetAccessRecordCount( mdbName,sql ) 参数 mdbName "
187,获取数据库表名列表,GetAccessTableNames,"SSProcess.GetAccessTableNames( mdbName,tableNames)","获取数据库表名列表 Online Help 获取数据库表名列表 GetAccessTableNames 函数 GetAccessTableNames 函数 获取数据库表名列表。 SSProcess.GetAccessTableNames( mdbName,tableNames) 参数 mdbName"
188,判断指定表是否存在,IsExistentTable,"SSProcess.IsExistentTable( mdbName,tableName )","判断指定表是否存在 Online Help 判断指定表是否存在 IsExistentTable 函数 IsExistentTable 函数 判断指定表是否存在。 SSProcess.IsExistentTable( mdbName,tableName ) 参数 mdbName 要表所在的数据库文件名"
189,修改表记录,ModifyAccessRecord,"SSProcess.ModifyAccessRecord( mdbName,sql,fields,values)","修改表记录 Online Help 修改表记录 ModifyAccessRecord 函数 ModifyAccessRecord 函数 修改表记录。 SSProcess.ModifyAccessRecord( mdbName,sql,fields,values) 参数 mdbName 数据库文件名称"
190,打开Access Mdb文件,OpenAccessMdb,SSProcess.OpenAccessMdb( mdbName ),打开Access Mdb文件 Online Help 打开 Access Mdb 文件 OpenAccessMdb 函数 OpenAccessMdb 函数 打开 Access Mdb 文件。 SSProcess.OpenAccessMdb( mdbName ) 参数 mdbName 要打开的数据库文
191,打开数据表记录集,OpenAccessRecordset,"SSProcess.OpenAccessRecordset( mdbName,sql )","打开数据表记录集 Online Help 打开数据表记录集 OpenAccessRecordset 函数 OpenAccessRecordset 函数 打开数据表记录集 SSProcess.OpenAccessRecordset( mdbName,sql ) 参数 mdbName 数据库文件名称 s"
192,数据整理,,,数据整理 Online Help 数据整理 数据整理 调整 ArcGIS MDB 经纬度精度 AdjustArcGISMdbBLCoord 属性复制（面 -> 点） AreaAttrToLabelAttr 从二进制包获取数据 ByteStackRestore 写数据到二进制包 ByteStackSt
193,调整ArcGIS MDB经纬度精度,AdjustArcGISMdbBLCoord,"SSProcess.AdjustArcGISMdbBLCoord(fileName, ke, centralMeridian, stripWidth)",调整ArcGIS MDB经纬度精度 Online Help 调整 ArcGIS MDB 经纬度精度 AdjustArcGISMdbBLCoord 函数 AdjustArcGISMdbBLCoord 函数 调整 ArcGIS MDB 经纬度精度。 SSProcess.AdjustArcGISMdbBL
194,属性复制（面-&gt;点）,AreaAttrToLabelAttr,"SSProcess.AreaAttrToLabelAttr(areaCode, labelCode, filterFields, relFields)","属性复制（面->点） Online Help 属性复制（面 -> 点） AreaAttrToLabelAttr 函数 AreaAttrToLabelAttr 函数 属性复制。 SSProcess.AreaAttrToLabelAttr(areaCode, labelCode, filterField"
195,从二进制包获取数据,ByteStackRestore,"SSProcess.ByteStackRestore(dataValue, pos, dataType, value)","从二进制包获取数据 Online Help 从二进制包获取数据 ByteStackRestore 函数 ByteStackRestore 函数 从二进制包获取数据。 SSProcess.ByteStackRestore(dataValue, pos, dataType, value) 参数 data"
196,写数据到二进制包,ByteStackStore,"SSProcess.ByteStackStore(dataValue, value)","写数据到二进制包 Online Help 写数据到二进制包 ByteStackStore 函数 ByteStackStore 函数 写数据到二进制包。 SSProcess.ByteStackStore(dataValue, value) 参数 dataValue 二进制存储位置 value 数据值 "
197,根据数据转换对照方案换码,ChangeCodeByDataTransMap,SSProcess.ChangeCodeByDataTransMap(schemeName),根据数据转换对照方案换码 Online Help 根据数据转换对照方案换码 ChangeCodeByDataTransMap 函数 ChangeCodeByDataTransMap 函数 根据数据转换对照方案换码。 SSProcess.ChangeCodeByDataTransMap(schemeN
198,指定ID换码复制,ChangeCodeCopy,"SSProcess.ChangeCodeCopy(geoID,newCode)","指定ID换码复制 Online Help 指定 ID 换码复制 ChangeCodeCopy 函数 ChangeCodeCopy 函数 指定 ID 换码复制。 SSProcess.ChangeCodeCopy(geoID,newCode) 参数 geoID 需要复制的地物 ID newCode 新地"
199,换码复制选择集对象,ChangeCodeCopySelectionObj,SSProcess.ChangeCodeCopySelectionObj(code),换码复制选择集对象 Online Help 换码复制选择集对象 ChangeCodeCopySelectionObj 函数 ChangeCodeCopySelectionObj 函数 换码复制选择集对象。 SSProcess.ChangeCodeCopySelectionObj(code) 参数 c
200,自动节点取舍处理,ClearSelectionObjNodeSymbol,"SSProcess.ClearSelectionObjNodeSymbol( dealLinkToFrame, dealInvalidAngle)",自动节点取舍处理 Online Help 自动节点取舍处理 ClearSelectionObjNodeSymbol 函数 ClearSelectionObjNodeSymbol 函数 自动节点取舍处理。 SSProcess.ClearSelectionObjNodeSymbol( dealLinkT
201,选择集对象闭合处理,CloseSelectionObj,"SSProcess.CloseSelectionObj( closeMode, hangDist)","选择集对象闭合处理 Online Help 选择集对象闭合处理 CloseSelectionObj 函数 CloseSelectionObj 函数 选择集对象闭合处理。 SSProcess.CloseSelectionObj( closeMode, hangDist) 参数 closeMode 闭合"
202,复制对象属性到指定对象,CopyObjectAttr,"SSProcess.CopyObjectAttr(srcID, tagID, copyPoints, copyExAttr)","复制对象属性到指定对象 Online Help 复制对象属性到指定对象 CopyObjectAttr 函数 CopyObjectAttr 函数 复制对象属性到指定对象。 SSProcess.CopyObjectAttr(srcID, tagID, copyPoints, copyExAttr) 参数"
203,创建选择集拓扑面属性点,CreateSelectionAreaLabel,SSProcess.CreateSelectionAreaLabel(area2labelCodes),创建选择集拓扑面属性点 Online Help 创建选择集拓扑面属性点 CreateSelectionAreaLabel 函数 CreateSelectionAreaLabel 函数 创建选择集拓扑面属性点。 SSProcess.CreateSelectionAreaLabel(area2label
204,创建选择集对象的中心线,CreateSelectionObjCenterLine,"SSProcess.CreateSelectionObjCenterLine(lineCode, areaRefWidth)",创建选择集对象的中心线 Online Help 创建选择集对象的中心线 CreateSelectionObjCenterLine 函数 CreateSelectionObjCenterLine 函数 创建选择集对象的中心线。 SSProcess.CreateSelectionObjCenterLin
205,生成更新单元格,CreateUpdateCell,"SSProcess.CreateUpdateCell(cellWidth, cellHeight, cellCode)","生成更新单元格 Online Help 生成更新单元格 CreateUpdateCell 函数 CreateUpdateCell 函数 生成更新单元格。 SSProcess.CreateUpdateCell(cellWidth, cellHeight, cellCode) 参数 cellWidth "
206,有固定边悬挂处理,DangleCleanLineToFixedLine,"SSProcess.DangleCleanLineToFixedLine(fixLineCodes, lineCodes, limit, fixedLineAllowInsertPt)","有固定边悬挂处理 Online Help 有固定边悬挂处理 DangleCleanLineToFixedLine 函数 DangleCleanLineToFixedLine 函数 有固定边悬挂处理。 SSProcess.DangleCleanLineToFixedLine(fixLineCodes,"
207,线线悬挂处理,DangleCleanLineToLine,"SSProcess.DangleCleanLineToLine(lineCodes, limit, bDealRepeatLine, bCanInertPtTo_P_Y)","线线悬挂处理 Online Help 线线悬挂处理 DangleCleanLineToLine 函数 DangleCleanLineToLine 函数 线线悬挂处理。 SSProcess.DangleCleanLineToLine(lineCodes, limit, bDealRepeatLine,"
208,执行Sql更新查询语句,,,执行Sql更新查询语句 Online Help 执行 Sql 更新查询语句 ExecuteSql 函数 ExecuteSql 函数 执行 Sql 更新查询语句。 SSProcess .ExecuteSql( sqlString ) 参数 sqlString SQL 语句 说明 执行该函数，可实现对 
209,执行工具箱命令,ExecuteToolboxCommand,"SSProcess.ExecuteToolboxCommand(pageName, itemName)","执行工具箱命令 Online Help 执行工具箱命令 ExecuteToolboxCommand 函数 ExecuteToolboxCommand 函数 执行工具箱命令。 SSProcess.ExecuteToolboxCommand(pageName, itemName) 参数 pageName"
210,获取对象二进制属性值,GetObjectBinaryAttr,"SSProcess.GetObjectBinaryAttr(index, attrField)","获取对象二进制属性值 Online Help 获取对象二进制属性值 GetObjectBinaryAttr 函数 GetObjectBinaryAttr 函数 获取二进制对象属性值。 SSProcess.GetObjectBinaryAttr(index, attrField) 参数 index 对"
211,获取选择对象二进制属性值,GetSelGeoBinaryAttr,"SSProcess.GetSelGeoBinaryAttr(index, attrField)","获取选择对象二进制属性值 Online Help 获取选择对象二进制属性值 GetSelGeoBinaryAttr 函数 GetSelGeoBinaryAttr 函数 获取选择对象二进制属性值。 SSProcess.GetSelGeoBinaryAttr(index, attrField) 参数 i"
212,选择集对象符号识别,IdentIfySelectionObj,"SSProcess.IdentIfySelectionObj( symbolIndex, objCode, deleteSrcObj, parameter)","选择集对象符号识别 Online Help 选择集对象符号识别 IdentIfySelectionObj 函数 IdentIfySelectionObj 函数 选择集对象符号识别。 SSProcess.IdentIfySelectionObj( symbolIndex, objCode, delet"
213,导入MDB数据库表,ImportMdbTable,"SSProcess.ImportMdbTable( mdbName, srcTable, destTable, mode)","导入MDB数据库表 Online Help 导入 MDB 数据库表 ImportMdbTable 函数 ImportMdbTable 函数 导入 MDB 数据库表。 SSProcess.ImportMdbTable( mdbName, srcTable, destTable, mode) 参数 md"
214,自动内插水面高程点,InsertWaterLevelPoint,"SSProcess.InsertWaterLevelPoint(waterAreaSelectGroup,referenceHeightSelectGroup,searchRange, height, heightPointCode)","自动内插水面高程点 Online Help 自动内插水面高程点 InsertWaterLevelPoint 函数 InsertWaterLevelPoint 函数 自动内插水面高程点。 SSProcess.InsertWaterLevelPoint(waterAreaSelectGroup,refe"
215,属性复制（点-&gt;面）,LabelAttrToAreaAttr,"SSProcess.LabelAttrToAreaAttr(labelCode, areaCode, filterFields, relFields)","属性复制（点->面） Online Help 属性复制（点 -> 面） LabelAttrToAreaAttr 函数 LabelAttrToAreaAttr 函数 属性复制（点 -> 面）。 SSProcess.LabelAttrToAreaAttr(labelCode, areaCode, fil"
216,断线连接,LinkBreakLine,"SSProcess.LinkBreakLine(noDirCodes, haveDirCodes, limit)","断线连接 Online Help 断线连接 LinkBreakLine 函数 LinkBreakLine 函数 断线连接。 SSProcess.LinkBreakLine(noDirCodes, haveDirCodes, limit) 参数 noDirCodes 无方向线编码 haveDirCod"
217,合并相近的两个注记,LinkNearNoteObj,"SSProcess.LinkNearNoteObj( mainCondition, subCondition, searchRange, fieldName, fieldValue)","合并相近的两个注记 Online Help 合并相近的两个注记 LinkNearNoteObj 函数 LinkNearNoteObj 函数 合并相近的两个注记。 SSProcess.LinkNearNoteObj( mainCondition, subCondition, searchRange, "
218,调用Map方法,MapMethod,"SSProcess.MapMethod( methodName, parameters )","调用Map方法 Online Help 调用 Map 方法 MapMethod 函数 MapMethod 函数 调用 Map 方法。 SSProcess.MapMethod( methodName, parameters ) 参数 methodName 方法名称 parameters 参数列表 常用"
219,合并带岛面,MergeIslandAreaObj,SSProcess.MergeIslandAreaObj(),合并带岛面 Online Help 合并带岛面 MergeIslandAreaObj 函数 MergeIslandAreaObj 函数 合并带岛面。 SSProcess.MergeIslandAreaObj() 参数 说明 执行该函数，将合并选择集中包含岛的面。 示例 下面示例合并房屋层岛面： Su
220,合并相近的两地物,MergeNearGeoObj,"SSProcess.MergeNearGeoObj( mainCondition, mergeCondition, searchRange, insertPointCount ， pointDirection ， deleteMainObj)","合并相近的两地物 Online Help 合并相近的两地物 MergeNearGeoObj 函数 MergeNearGeoObj 函数 合并相近的两地物。 SSProcess.MergeNearGeoObj( mainCondition, mergeCondition, searchRange, i"
221,合并与线相近的点地物,MergeNearLineObj,"SSProcess.MergeNearLineObj(mainCondition,mergeCondition,searchRange,insertPointRange, deleteMainObj)","合并与线相近的点地物 Online Help 合并与线相近的点地物 MergeNearLineObj 函数 MergeNearLineObj 函数 合并与线相近的点地物。 SSProcess.MergeNearLineObj(mainCondition,mergeCondition,searchRa"
222,合并与地物相近的注记,MergeNearNoteObj,"SSProcess.MergeNearNoteObj( mainCondition, mergeCondition, searchRange, insertPoint ， objAttrField ， getTextParameter ， deleteMainObj)","合并与地物相近的注记 Online Help 合并与地物相近的注记 MergeNearNoteObj 函数 MergeNearNoteObj 函数 合并与地物相近的注记。 SSProcess.MergeNearNoteObj( mainCondition, mergeCondition, searc"
223,合并相近的两个点地物,MergeNearPointObj,"SSProcess.MergeNearPointObj(mainCondition, mergeCondition,searchRange,deleteMainObj)","合并相近的两个点地物 Online Help 合并相近的两个点地物 MergeNearPointObj 函数 MergeNearPointObj 函数 合并相近的两个点地物。 SSProcess.MergeNearPointObj(mainCondition, mergeCondition,sear"
224,面对象合并,MergePolygon,"SSProcess.MergePolygon(objIDs, limit, inheritAttrID, delSrcObj)","面对象合并 Online Help 面对象合并 MergePolygon 函数 MergePolygon 函数 面对象合并。 SSProcess.MergePolygon(objIDs, limit, inheritAttrID, delSrcObj) 参数 objIDs 合并的面对象 id 集合，"
225,对象处理器,ObjectDeal,"SSProcess.ObjectDeal(objID, methodName, parameters, result)","对象处理器 Online Help 对象处理器 ObjectDeal 函数 ObjectDeal 函数 对象处理器。 SSProcess.ObjectDeal(objID, methodName, parameters, result) 参数 objID 处理对象 ID methodName 方法名"
226,选择更新区域外图形对象到选择集,OutsideUpdateRegionObjToSelection,SSProcess.OutsideUpdateRegionObjToSelection(),选择更新区域外图形对象到选择集 Online Help 选择更新区域外图形对象到选择集 OutsideUpdateRegionObjToSelection 函数 OutsideUpdateRegionObjToSelection 函数 选择更新区域外图形对象到选择集。 SSProcess.Outsi
227,在指定坐标处构面,QuickFill,"SSProcess.QuickFill(x, y, limitDist, areaCode, explodeCodes, notExplodeCodes)","在指定坐标处构面 Online Help 在指定坐标处构面 QuickFill 函数 QuickFill 函数 在指定坐标处构面。 SSProcess.QuickFill(x, y, limitDist, areaCode, explodeCodes, notExplodeCodes) 参数 x 指"
228,重建选择集内拓扑面与弧段关系,RebuildSelectionTopRelation,"SSProcess.RebuildSelectionTopRelation(areaLayer, arcLayer, limit)",重建选择集内拓扑面与弧段关系 Online Help 重建选择集内拓扑面与弧段关系 RebuildSelectionTopRelation 函数 RebuildSelectionTopRelation 函数 重建选择集内拓扑面与弧段关系。 SSProcess.RebuildSelectionTopR
229,重建拓扑面与弧段关系,RebuildTopRelation,"SSProcess.RebuildTopRelation(areaCondition, lineCondition, limit)","重建拓扑面与弧段关系 Online Help 重建拓扑面与弧段关系 RebuildTopRelation 函数 RebuildTopRelation 函数 重建拓扑面与弧段关系。 SSProcess.RebuildTopRelation(areaCondition, lineCondition, l"
230,修复选择集对象的非法高程值,RepairDGXHeight,SSProcess.RepairDGXHeight(),修复选择集对象的非法高程值 Online Help 修复选择集对象的非法高程值 RepairDGXHeight 函数 RepairDGXHeight 函数 修复选择集对象的非法高程值。 SSProcess.RepairDGXHeight() 参数 说明 执行该函数，将自动修改选择对象中各点高程值与主
231,修复对象扩展属性,RepairExtentAttr,SSProcess.RepairExtentAttr(),修复对象扩展属性 Online Help 修复对象扩展属性 RepairExtentAttr 函数 RepairExtentAttr 函数 修复对象扩展属性。 SSProcess.RepairExtentAttr() 参数 说明 执行此函数可修复对象扩展属性。 示例 Sub OnClick() SS
232,修复选择集对象的非法高程值,RepairGeoHeight,"SSProcess.RepairGeoHeight(repairZero, repair9999, repairInvalid, maxHeightDIf)","修复选择集对象的非法高程值 Online Help 修复选择集对象的非法高程值 RepairGeoHeight 函数 RepairGeoHeight 函数 修复选择集对象的非法高程值。 SSProcess.RepairGeoHeight(repairZero, repair9999, repairI"
233,修复选择集对象的非法空间点,RepairSelectionObjPointList,SSProcess.RepairSelectionObjPointList( miniDist),修复选择集对象的非法空间点 Online Help 修复选择集对象的非法空间点 RepairSelectionObjPointList 函数 RepairSelectionObjPointList 函数 修复选择集对象的非法空间点。 SSProcess.RepairSelectionObjPoint
234,修复对象更新特性,RepairUpdateObject,SSProcess.RepairUpdateObject(),修复对象更新特性 Online Help 修复对象更新特性 RepairUpdateObject 函数 RepairUpdateObject 函数 修复对象更新特性。 SSProcess.RepairUpdateObject() 参数 说明 执行此函数可修复对象扩展属性。 示例 Sub OnClic
235,保存原始数据,SaveSourceData,SSProcess.SaveSourceData(beginID),保存原始数据 Online Help 保存原始数据 SaveSourceData 函数 SaveSourceData 函数 保存原始数据。 SSProcess.SaveSourceData(beginID) 参数 beginID 数据源句柄 说明 执行该函数，将保存原始数据。
236,查找城市部件关联属性,SearchCityPartAttr,"SSProcess.SearchCityPartAttr(partCondition,partFieldName,roadCondition,roadFieldName, courtyardCondition,courtyardFieldName,courtyardFieldName,interespointCondition, interespointFieldName, interespointCount)","查找城市部件关联属性 Online Help 查找城市部件关联属性 SearchCityPartAttr 函数 SearchCityPartAttr 函数 查找城市部件关联属性。 SSProcess.SearchCityPartAttr(partCondition,partFieldName,roa"
237,查找被指定地物包含的对象,SearchInnerObjIDs,"SSProcess.SearchInnerObjIDs( polygonID, objecType, codes, innerObjGetPointMode )","查找被指定地物包含的对象 Online Help 查找被指定地物包含的对象 SearchInnerObjIDs 函数 SearchInnerObjIDs 函数 查找被指定地物包含的对象。 SSProcess.SearchInnerObjIDs( polygonID, objecType, codes"
238,查找与指定多边形相关的对象,SearchInPolyObjIDs,"SSProcess.SearchInPolyObjIDs(polygonID, objecType, codes, innerObjGetPointMode, includeInner, includeCross)","查找与指定多边形相关的对象 Online Help 查找与指定多边形相关的对象 SearchInPolyObjIDs 函数 SearchInPolyObjIDs 函数 查找与指定多边形相关的对象。 SSProcess.SearchInPolyObjIDs(polygonID, objecType, "
239,查找与指定坐标点相近的地物,SearchNearObjIDs,"SSProcess.SearchNearObjIDs( x, y, searchRange, objecType, codes, filterID )","查找与指定坐标点相近的地物 Online Help 查找与指定坐标点相近的地物 SearchNearObjIDs 函数 SearchNearObjIDs 函数 查找与指定坐标点相近的地物。 SSProcess.SearchNearObjIDs( x, y, searchRange, objecTyp"
240,查找与指定线相近的地物,SearchNearObjIDs1,"SSProcess.SearchNearObjIDs1(xyCoords, searchRange, codes, filterID)","查找与指定线相近的地物 Online Help 查找与指定线相近的地物 SearchNearObjIDs1 函数 SearchNearObjIDs1 函数 查找与指定线相近的地物。 SSProcess.SearchNearObjIDs1(xyCoords, searchRange, codes, f"
241,查找与指定线相近的地物,SearchNearObjIDs2,"SSProcess.SearchNearObjIDs2(lineID, searchRange, codes, filterID)","查找与指定线相近的地物 Online Help 查找与指定线相近的地物 SearchNearObjIDs2 函数 SearchNearObjIDs2 函数 查找与指定线相近的地物。 SSProcess.SearchNearObjIDs2(lineID, searchRange, codes, fil"
242,对象查找,SearchObjIDs,"SSProcess.SearchObjIDs(xyCoords, objecType, codes, innerObjGetPointMode)","对象查找 Online Help 对象查找 SearchObjIDs 函数 SearchObjIDs 函数 查找与指定对象相交的对象。 SSProcess.SearchObjIDs(xyCoords, objecType, codes, innerObjGetPointMode) 参数 xyCoor"
243,查找在线上的点对象,SearchOnLineObjIDs,"SSProcess.SearchOnLineObjIDs(x1, y1, x2, y2, strWhere, OnlineLimit)","查找在线上的点对象 Online Help 查找在线上的点对象 SearchOnLineObjIDs 函数 SearchOnLineObjIDs 函数 查找在线上的点对象。 SSProcess.SearchOnLineObjIDs(x1, y1, x2, y2, strWhere, OnlineLi"
244,查找包含指定地物的对象,SearchOuterObjIDs,"SSProcess.SearchOuterObjIDs( innerObjID, objecType, codes, innerObjGetPointMode )","查找包含指定地物的对象 Online Help 查找包含指定地物的对象 SearchOuterObjIDs 函数 SearchOuterObjIDs 函数 查找包含指定地物的对象。 SSProcess.SearchOuterObjIDs( innerObjID, objecType, codes, "
245,查找与指定面对象关联的面对象,SearchRelatePolygonIDs,"SSProcess.SearchRelatePolygonIDs(polygonID, codes)",查找与指定面对象关联的面对象 Online Help 查找与指定面对象关联的面对象 SearchRelatePolygonIDs 函数 SearchRelatePolygonIDs 函数 查找与指定面对象关联的面对象。 SSProcess.SearchRelatePolygonIDs(polygon
246,选择集对象等距内插点,SelectionObjInnerInsertPoint,SSProcess.SelectionObjInnerInsertPoint( step ),选择集对象等距内插点 Online Help 选择集对象等距内插点 SelectionObjInnerInsertPoint 函数 SelectionObjInnerInsertPoint 函数 选择集对象等距内插点。 SSProcess.SelectionObjInnerInsertPoint( 
247,选择集对象相邻面合并处理,SelectionObjMerge,"SSProcess.SelectionObjMerge( anewAreaCode, newAreaLayer, miniDist, delOldObj )","选择集对象相邻面合并处理 Online Help 选择集对象相邻面合并处理 SelectionObjMerge 函数 SelectionObjMerge 函数 选择集对象相邻面合并处理。 SSProcess.SelectionObjMerge( anewAreaCode, newAreaLayer,"
248,选择集对象按指定规则排序,SelectionObjOrderby,"SSProcess.SelectionObjOrderby(orderbyMode, refpointx, refpointy)","选择集对象按指定规则排序 Online Help 选择集对象按指定规则排序 SelectionObjOrderby 函数 SelectionObjOrderby 函数 选择集对象按指定规则排序。 SSProcess.SelectionObjOrderby(orderbyMode, refpointx"
249,选择集对象内插节点高程,SelectionObjPartZ,SSProcess.SelectionObjPartZ(step),选择集对象内插节点高程 Online Help 选择集对象内插节点高程 SelectionObjPartZ 函数 SelectionObjPartZ 函数 选择集对象内插节点高程。 SSProcess.SelectionObjPartZ(step) 参数 step 内插步距 ( 米为单位 ) 说明 
250,选择集对象拓扑处理,SelectionObjTopProcess,"SSProcess.SelectionObjTopProcess( areaCode, areaLayer, miniDist, delArc )","选择集对象拓扑处理 Online Help 选择集对象拓扑处理 SelectionObjTopProcess 函数 SelectionObjTopProcess 函数 选择集对象拓扑处理。 SSProcess.SelectionObjTopProcess( areaCode, areaLayer, "
251,设置对象二进制属性值,SetObjectBinaryAttr,"SSProcess.SetObjectBinaryAttr(geoID, attrField, attrValue)","设置对象二进制属性值 Online Help 设置对象二进制属性值 SetObjectBinaryAttr 函数 SetObjectBinaryAttr 函数 设置对象二进制属性值。 SSProcess.SetObjectBinaryAttr(geoID, attrField, attrValue)"
252,设置选择对象二进制属性值,SetSelGeoBinaryAttr,"SSProcess.SetSelGeoBinaryAttr(index, attrField, attrValue)","设置选择对象二进制属性值 Online Help 设置选择对象二进制属性值 SetSelGeoBinaryAttr 函数 SetSelGeoBinaryAttr 函数 设置选择对象二进制属性值。 SSProcess.SetSelGeoBinaryAttr(index, attrField, attr"
253,面对象分割,SplitPolygon,"SSProcess.SplitPolygon(polygonID, splitLineIDs, delSrcObj)","面对象分割 Online Help 面对象分割 SplitPolygon 函数 SplitPolygon 函数 面对象分割。 SSProcess.SplitPolygon(polygonID, splitLineIDs, delSrcObj) 参数 polygonID 面地物 ID splitLin"
254,拓扑构面,TopProcess,SSProcess.TopProcess(progressMsg),拓扑构面 Online Help 拓扑构面 TopProcess 函数 TopProcess 函数 拓扑构面。 SSProcess.TopProcess(progressMsg) 参数 progressMsg 数据源句柄 说明 执行该函数，进行拓扑构面。 示例 Sub OnClick() ' 参数 
255,数据转换,,,数据转换 Online Help 数据转换 数据转换 清除数据转换参数列表 ClearDataXParameter 清除指定图幅更新前原始数据 ClearMapFrameSourceData 创建图幅切割句柄 CreateMapClipHandle 裁剪指定区域数据到 EDB 文件 CutRegio
256,清除数据转换参数列表,ClearDataXParameter,SSProcess.ClearDataXParameter(),清除数据转换参数列表 Online Help 清除数据转换参数列表 ClearDataXParameter 函数 ClearDataXParameter 函数 清除数据转换参数列表。 SSProcess.ClearDataXParameter() 参数 说明 执行该函数，将清除由 SetDataXP
257,清除指定图幅更新前原始数据,ClearMapFrameSourceData,SSProcess.ClearMapFrameSourceData(mapNumber),清除指定图幅更新前原始数据 Online Help 清除指定图幅更新前原始数据 ClearMapFrameSourceData 函数 ClearMapFrameSourceData 函数 清除指定图幅更新前原始数据。 SSProcess.ClearMapFrameSourceData(mapNumb
258,创建图幅切割句柄,CreateMapClipHandle,SSProcess.CreateMapClipHandle (),创建图幅切割句柄 Online Help 创建图幅切割句柄 CreateMapClipHandle 函数 CreateMapClipHandle 函数 创建图幅切割句柄。 SSProcess.CreateMapClipHandle () 参数 说明 执行该函数，将创建图幅切割句柄。
259,裁剪指定区域数据到EDB文件,CutRegionToEdb,"SSProcess.CutRegionToEdb(regionID, exportEdbFileOrPath, cutParameters, exportNewEdbFiles)","裁剪指定区域数据到EDB文件 Online Help 裁剪指定区域数据到 EDB 文件 CutRegionToEdb 函数 CutRegionToEdb 函数 裁剪指定区域数据到 EDB 文件。 SSProcess.CutRegionToEdb(regionID, exportEdbFileOrPa"
260,执行数据输出,ExportData,SSProcess.ExportData(),"执行数据输出 Online Help 执行数据输出 ExportData 函数 ExportData 函数 执行数据输出。 SSProcess.ExportData() 参数 说明 执行该函数，将根据 SetDataXParameter 设定的转换参数进行数据输出。 在数据导出到指定格式前 , 将会"
261,释放转换对象缓存,FreeExportObjBufferData,SSProcess.FreeExportObjBufferData(),释放转换对象缓存 Online Help 释放转换对象缓存 FreeExportObjBufferData 函数 FreeExportObjBufferData 函数 释放转换对象缓存。 SSProcess.FreeExportObjBufferData() 参数 说明 执行该函数，将释放转换对象缓
262,释放图幅切割句柄,FreeMapClipHandle,SSProcess.FreeMapClipHandle(),释放图幅切割句柄 Online Help 释放图幅切割句柄 FreeMapClipHandle 函数 FreeMapClipHandle 函数 释放图幅切割句柄。 SSProcess.FreeMapClipHandle() 参数 说明 执行该函数，将释放图幅切割句柄。 示例 Sub OnClick(
263,获取当前转换的文件名,GetImportFileName,SSProcess.GetImportFileName(),获取当前转换的文件名 Online Help 获取当前转换的文件名 GetImportFileName 函数 GetImportFileName 函数 获取当前转换的文件名。 SSProcess.GetImportFileName() 参数 说明 执行该函数，将返回当前正在转换的数据文件名。 返回当
264,执行数据导入,ImportData,SSProcess.ImportData(),"执行数据导入 Online Help 执行数据导入 ImportData 函数 ImportData 函数 执行数据导入。 SSProcess.ImportData() 参数 说明 执行该函数，将根据 SetDataXParameter 设定的转换参数进行数据导入。 在数据存入数据库前 , 将会把转"
265,指定图幅是否存在更新前原始数据,IsMapFrameExistentSourceData,SSProcess.IsMapFrameExistentSourceData(mapNumber),指定图幅是否存在更新前原始数据 Online Help 指定图幅是否存在更新前原始数据 IsMapFrameExistentSourceData 函数 IsMapFrameExistentSourceData 函数 指定图幅是否存在更新前原始数据。 SSProcess.IsMapFrameExist
266,设定数据转换参数,SetDataXParameter,"SSProcess.SetDataXParameter( parameterName, parameterValue )","设定数据转换参数 Online Help 设定数据转换参数 SetDataXParameter 函数 SetDataXParameter 函数 设定数据转换参数。 SSProcess.SetDataXParameter( parameterName, parameterValue ) 参数 para"
267,生成转换对象缓存,UpdateExportObjListToBuffer,SSProcess.UpdateExportObjListToBuffer,生成转换对象缓存 Online Help 生成转换对象缓存 UpdateExportObjListToBuffer 函数 UpdateExportObjListToBuffer 函数 生成转换对象缓存。 SSProcess.UpdateExportObjListToBuffer （ symbolEx
268,图幅操作,,,图幅操作 Online Help 图幅 操作 图幅操作 创建当前数据涉及图幅缓存 CreateMapFrame 创建指定编码中心线的图幅缓存 CreateMapFrameByCenterLine 创建指定打印页面方案的图幅缓存 CreateMapFrameByPrintRegion 创建指定编码区域
269,创建当前数据涉及图幅缓存,CreateMapFrame,SSProcess.CreateMapFrame(),创建当前数据涉及图幅缓存 Online Help 创建当前数据涉及图幅缓存 CreateMapFrame 函数 CreateMapFrame 函数 创建当前数据涉及图幅缓存。 SSProcess.CreateMapFrame() 参数 说明 执行该函数，将创建有数据图幅的图幅缓存。 通过方法 Get
270,创建指定编码中心线的图幅缓存,CreateMapFrameByCenterLine,"SSProcess.CreateMapFrameByCenterLine( centerLineCode, paperWidth, paperHeight, marginDist )",创建指定编码中心线的图幅缓存 Online Help 创建指定编码中心线的图幅缓存 CreateMapFrameByCenterLine 函数 CreateMapFrameByCenterLine 函数 创建指定编码中心线的图幅缓存。 SSProcess.CreateMapFrameByCenter
271,创建指定打印页面方案的图幅缓存,CreateMapFrameByPrintRegion,SSProcess.CreateMapFrameByPrintRegion(pageScheme),创建指定打印页面方案的图幅缓存 Online Help 创建指定打印页面方案的图幅缓存 CreateMapFrameByPrintRegion 函数 CreateMapFrameByPrintRegion 函数 创建指定打印页面方案的图幅缓存。 SSProcess.CreateMapFrameByP
272,创建指定编码区域内的图幅缓存,CreateMapFrameByRegion,SSProcess.CreateMapFrameByRegion( code ),创建指定编码区域内的图幅缓存 Online Help 创建指定编码区域内的图幅缓存 CreateMapFrameByRegion 函数 CreateMapFrameByRegion 函数 创建指定地物编码区域内的图幅缓存。 SSProcess.CreateMapFrameByRegion( code
273,创建指定ID区域内的图幅缓存,CreateMapFrameByRegionID,SSProcess.CreateMapFrameByRegionID(objID),创建指定ID区域内的图幅缓存 Online Help 创建指定 ID 区域内的图幅缓存 CreateMapFrameByRegionID 函数 CreateMapFrameByRegionID 函数 创建指定 ID 区域内的图幅缓存。 SSProcess.CreateMapFrameByRegion
274,创建一个图廓对象,CreateOneMapFrame,"SSProcess.CreateOneMapFrame(frameIndex, frameCode)","创建一个图廓对象 Online Help 创建一个图廓对象 CreateOneMapFrame 函数 CreateOneMapFrame 函数 创建一个图廓对象。 SSProcess.CreateOneMapFrame(frameIndex, frameCode) 参数 frameIndex 索引号"
275,裁剪当前图幅数据到EDB文件,CutCurMapFrameToEdb,SSProcess.CutCurMapFrameToEdb,裁剪当前图幅数据到EDB文件 Online Help 裁剪当前图幅数据到 EDB 文件 CutCurMapFrameToEdb 函数 CutCurMapFrameToEdb 函数 裁剪当前图幅数据到 EDB 文件。 SSProcess.CutCurMapFrameToEdb （ exportEdbF
276,释放所有图幅缓存,FreeMapFrame,SSProcess.FreeMapFrame(),"释放所有图幅缓存 Online Help 释放所有图幅缓存 FreeMapFrame 函数 FreeMapFrame 函数 释放所有图幅缓存。 SSProcess.FreeMapFrame() 参数 说明 执行该函数，将释放所有图幅缓存 , 与 CreateMapFrame 或 CreateMapF"
277,获取当前图幅ID,GetCurMapFrame,SSProcess.GetCurMapFrame(),获取当前图幅ID Online Help 获取当前图幅 ID GetCurMapFrame 函数 GetCurMapFrame 函数 创建当前图幅 ID 。 SSProcess.GetCurMapFrame() 参数 说明 执行该函数，将获取当前图幅 ID 。
278,获取当前图幅的图幅号,GetCurMapFrameNumber,SSProcess.GetCurMapFrameNumber(),获取当前图幅的图幅号 Online Help 获取当前图幅的图幅号 GetCurMapFrameNumber 函数 GetCurMapFrameNumber 函数 获取当前图幅的图幅号。 SSProcess.GetCurMapFrameNumber() 参数 说明 执行此函数，返回当前图幅的图号，如
279,获取指定缓存图幅的中心坐标,GetMapFrameCenterPoint,"SSProcess.GetMapFrameCenterPoint( frameIndex, x, y)",获取指定缓存图幅的中心坐标 Online Help 获取指定缓存图幅的中心坐标 GetMapFrameCenterPoint 函数 GetMapFrameCenterPoint 函数 获取指定缓存图幅的中心坐标。 SSProcess.GetMapFrameCenterPoint( frameInde
280,获取缓存图幅的个数,GetMapFrameCount,SSProcess.GetMapFrameCount(),获取缓存图幅的个数 Online Help 获取缓存图幅的个数 GetMapFrameCount 函数 GetMapFrameCount 函数 获取缓存图幅的个数。 SSProcess.GetMapFrameCount() 参数 说明 执行该函数，将获取缓存图幅的个数。
281,获取指定坐标所在的图幅的图幅号,GetMapFrameNumber,"SSProcess.GetMapFrameNumber(x, y)","获取指定坐标所在的图幅的图幅号 Online Help 获取指定坐标所在的图幅的图幅号 GetMapFrameNumber 函数 GetMapFrameNumber 函数 获取指定坐标所在图幅的图幅号。 SSProcess.GetMapFrameNumber(x, y) 参数 x X 坐标值 y Y"
282,获取指定缓存图幅的坐标,GetMapFramePoint,"SSProcess.GetMapFramePoint( frameIndex, pIndex, x, y)","获取指定缓存图幅的坐标 Online Help 获取指定缓存图幅的坐标 GetMapFramePoint 函数 GetMapFramePoint 函数 获取指定缓存图幅的坐标。 SSProcess.GetMapFramePoint( frameIndex, pIndex, x, y) 参数 fram"
283,打印当前图幅,PrintCurFrameMap,SSProcess.PrintCurFrameMap(),打印当前图幅 Online Help 打印当前图幅 PrintCurFrameMap 函数 PrintCurFrameMap 函数 打印当前图幅的地图数据。 SSProcess.PrintCurFrameMap() 参数 说明 执行该函数，将打印当前图幅的地图数据。
284,打印指定图幅,PrintMap,SSProcess.PrintMap(frameIndex),"打印指定图幅 Online Help 打印指定图幅 PrintMap 函数 PrintMap 函数 打印指定图幅。 SSProcess.PrintMap(frameIndex) 参数 frameIndex 缓存图幅索引号 , 从 0 开始 说明 执行该函数，将打印指定缓存图幅的地图数据。 示例 Su"
285,根据坐标范围打印,PrintMapByCoord,"SSProcess.PrintMapByCoord(x,y,width,height,angle)","根据坐标范围打印 Online Help 根据坐标范围打印 PrintMapByCoord 函数 PrintMapByCoord 函数 根据坐标范围打印。 SSProcess.PrintMapByCoord(x,y,width,height,angle) 参数 x 中心 X 坐标 y 中心 Y 坐标"
286,设置指定坐标处为当前图幅,SetCurMapFrame,"SSProcess.SetCurMapFrame(x,y,addToMapLink,mapLinkTable)","设置指定坐标处为当前图幅 Online Help 设置指定坐标处为当前图幅 SetCurMapFrame 函数 SetCurMapFrame 函数 设置指定坐标处为当前图幅。 SSProcess.SetCurMapFrame(x,y,addToMapLink,mapLinkTable) 参数 x 要"
287,外部函数,,,外部函数 Online Help 外部函数 外部函数 增加外部模块函数参数 AddFunctionParameter 三点弧求圆心半径和排序后弧角 Arc3pToCenter 三点求圆心和半径 Circle3pToCenter 清空外部模块函数参数列表 ClearFunctionParameter 
288,增加外部模块函数参数,AddFunctionParameter,SSProcess.AddFunctionParameter( parameter ),增加外部模块函数参数 Online Help 增加外部模块函数参数 AddFunctionParameter 函数 AddFunctionParameter 函数 设置外部模块函数参数。 SSProcess.AddFunctionParameter( parameter ) 参数 parameter
289,三点弧求圆心半径和排序后弧角,Arc3pToCenter,"SSProcess.Arc3pToCenter(p0x, p0y, p1x, p1y, p2x, p2y, centerx, centery, r, ang1, ang2, ang3)","三点弧求圆心半径和排序后弧角 Online Help 三点弧求圆心半径和排序后弧角 Arc3pToCenter 函数 Arc3pToCenter 函数 三点弧求圆心、半径和排序后弧角。 SSProcess.Arc3pToCenter(p0x, p0y, p1x, p1y, p2x, p2y, cen"
290,三点求圆心和半径,Circle3pToCenter,"SSProcess.Circle3pToCenter(p0x, p0y, p1x, p1y, p2x, p2y, centerx, centery, r)","三点求圆心和半径 Online Help 三点求圆心和半径 Circle3pToCenter 函数 Circle3pToCenter 函数 三点求圆心和半径。 SSProcess.Circle3pToCenter(p0x, p0y, p1x, p1y, p2x, p2y, centerx, cent"
291,清空外部模块函数参数列表,ClearFunctionParameter,SSProcess.ClearFunctionParameter(),清空外部模块函数参数列表 Online Help 清空外部模块函数参数列表 ClearFunctionParameter 函数 ClearFunctionParameter 函数 清空外部模块函数参数列表。 SSProcess.ClearFunctionParameter() 参数 说明 执行该函数
292,解密字符串,DecryptData,"SSProcess.DecryptData(passWord, data)","解密字符串 Online Help 解密字符串 DecryptData 函数 DecryptData 函数 解密字符串。 SSProcess.DecryptData(passWord, data) 参数 password 密码 data 需解密的字符串 说明 示例 Sub OnClick() str"
293,加密字符串,EncryptData,"SSProcess.EncryptData(passWord, data)","加密字符串 Online Help 加密字符串 EncryptData 函数 EncryptData 函数 加密字符串。 SSProcess.EncryptData(passWord, data) 参数 passWord 密码 data 需加密的字符串 说明 使用此函数将加密字符串。 示例 Sub "
294,执行外部模块函数,ExecuteCommand,"SSProcess.ExecuteCommand(libFileName, procName, commandDescription, transSelection)","执行外部模块函数 Online Help 执行外部模块函数 ExecuteCommand 函数 ExecuteCommand 函数 调用外部模块函数。 SSProcess.ExecuteCommand(libFileName, procName, commandDescription, transS"
295,执行外部模块中的函数,ExecuteFuction,"SSProcess.ExecuteFuction(ModuleAndCmdName, commandDescription)","执行外部模块中的函数 Online Help 执行外部模块中的函数 ExecuteFuction 函数 ExecuteFuction 函数 执行外部模块中的函数。 SSProcess.ExecuteFuction(ModuleAndCmdName, commandDescription) 参数 Mo"
296,执行SDL命令,ExecuteSDLFunction,"SSProcess.ExecuteSDLFunction(SDLCommandInfo, Reason)","执行SDL命令 Online Help 执行 SDL 命令 ExecuteSDLFunction 函数 ExecuteSDLFunction 函数 执行 SDL 命令。 SSProcess.ExecuteSDLFunction(SDLCommandInfo, Reason) 参数 SDLComman"
297,执行SDL功能参数设置,ExecuteSDLFunctionSetup,"SSProcess.ExecuteSDLFunctionSetup(SDLName, CmdName, Parameters)","执行SDL功能参数设置 Online Help 执行 SDL 功能参数设置 ExecuteSDLFunctionSetup 函数 ExecuteSDLFunctionSetup 函数 执行 SDL 功能参数设置。 SSProcess.ExecuteSDLFunctionSetup(SDLName, "
298,加载外部模块,LoadXLibrary,SSProcess.LoadXLibrary(libFileName),"加载外部模块 Online Help 加载外部模块 LoadXLibrary 函数 LoadXLibrary 函数 加载外部模块。 SSProcess.LoadXLibrary(libFileName) 参数 libFileName 外部模块名称 , 如果没有指定路径，则认为是放在 EPS 执行目录"
299,执行系统回调函数,MapCallBackFunction,"SSProcess.MapCallBackFunction(param, data, flags)","执行系统回调函数 Online Help 执行系统回调函数 MapCallBackFunction 函数 MapCallBackFunction 函数 执行系统回调函数。 SSProcess.MapCallBackFunction(param, data, flags) 参数 param 回调方法名"
300,执行系统回调函数,MapCallBackFunction1,"SSProcess.MapCallBackFunction1(param, data, flags)","执行系统回调函数 Online Help 执行系统回调函数 MapCallBackFunction1 函数 MapCallBackFunction1 函数 执行系统回调函数。 SSProcess.MapCallBackFunction1(param, data, flags) 参数 param 回调"
301,卸载外部模块,UnLoadXLibrary,SSProcess.UnLoadXLibrary( libFileName ),"卸载外部模块 Online Help 卸载外部模块 UnLoadXLibrary 函数 UnLoadXLibrary 函数 卸载外部模块。 SSProcess.UnLoadXLibrary( libFileName ) 参数 libFileName 外部模块名称 , 如果没有指定路径，则认为是放在 "
302,执行外部程序,WinExec,"SSProcess.WinExec(commandLine, flag)","执行外部程序 Online Help 执行外部程序 WinExec 函数 WinExec 函数 执行外部程序。 SSProcess.WinExec(commandLine, flag) 参数 commandLine 外部程序名称 flag 外部程序启动类型， 0 隐藏； 1 默认大小显示并激活； 2"
303,系统设置,,,系统设置 Online Help 系统设置 系统设置 增加显示可控对象条件信息 AddDispFilterInfo 添加编码定义 AddFeatureCode 添加注记分类定义 AddFontClass 添加录入参数 AddInputParameter 清空显示可控对象条件信息 ClearDispF
304,增加显示可控对象条件信息,AddDispFilterInfo,"SSProcess.AddDispFilterInfo(type, reverse, visib l e, colorvalid, color, values)","增加显示可控对象条件信息 Online Help 增加显示可控对象条件信息 AddDispFilterInfo 函数 AddDispFilterInfo 函数 增加显示可控对象条件信息。 SSProcess.AddDispFilterInfo(type, reverse, visib l e, co"
305,添加编码定义,AddFeatureCode,"SSProcess.AddFeatureCode(code, geoType, symbolType, objName, layerName, lineWidth, color)","添加编码定义 Online Help 添加编码定义 AddFeatureCode 函数 AddFeatureCode 函数 添加编码定义。 SSProcess.AddFeatureCode(code, geoType, symbolType, objName, layerName, lineWidt"
306,添加注记分类定义,AddFontClass,"SSProcess.AddFontClass(code, objName, layerName, fontName, fontWidth, fontHeight, color)","添加注记分类定义 Online Help 添加注记分类定义 AddFontClass 函数 AddFontClass 函数 添加注记分类定义。 SSProcess.AddFontClass(code, objName, layerName, fontName, fontWidth, fontHeig"
307,添加录入参数,AddInputParameter,"SSProcess.AddInputParameter(name, value, type, options, description)","添加录入参数 Online Help 添加录入参数 AddInputParameter 函数 AddInputParameter 函数 添加录入参数。 SSProcess.AddInputParameter(name, value, type, options, description) 参数 na"
308,清空显示可控对象条件信息,ClearDispFilterInfo,SSProcess.ClearDispFilterInfo(),清空显示可控对象条件信息 Online Help 清空显示可控对象条件信息 ClearDispFilterInfo 函数 ClearDispFilterInfo 函数 清空显示可控对象条件信息。 SSProcess.ClearDispFilterInfo() 参数 说明 执行该函数，将清空由 Add
309,清除录入参数,ClearInputParameter,SSProcess.ClearInputParameter(),清除录入参数 Online Help 清除录入参数 ClearInputParameter 函数 ClearInputParameter 函数 清除录入参数。 SSProcess.ClearInputParameter() 参数 说明 使用此函数清除录入的参数。 示例 Dim oldCursorSt
310,删除编码定义,DeleteFeatureCode,SSProcess.DeleteFeatureCode,删除编码定义 Online Help 删除编码定义 DeleteFeatureCode 函数 DeleteFeatureCode 函数 删除编码定义。 SSProcess.DeleteFeatureCode(code ） 参数 code 地物编码 说明 执行该函数，从模版中删除指定编码的地物。
311,删除注记分类定义,DeleteFontClass,SSProcess.DeleteFontClass(code),删除注记分类定义 Online Help 删除注记分类定义 DeleteFontClass 函数 DeleteFontClass 函数 删除注记分类定义。 SSProcess.DeleteFontClass(code) 参数 code 注记分类号 说明 执行该函数，从模版中删除指定编码的地物注记。
312,创建系统进程条,EpsProgressCreate,"SSProcess.EpsProgressCreate(size, msg)","创建系统进程条 Online Help 创建系统进程条 EpsProgressCreate 函数 EpsProgressCreate 函数 创建系统进程条。 SSProcess.EpsProgressCreate(size, msg) 参数 size 进度条的长度 msg 进度条的标题 说明 执行该"
313,删除系统进程条,EpsProgressDelete,SSProcess.EpsProgressDelete(),删除系统进程条 Online Help 删除系统进程条 EpsProgressDelete 函数 EpsProgressDelete 函数 删除系统进程条。 SSProcess.EpsProgressDelete() 参数 说明 执行该函数，删除 eps 进度条。 注意：创建了进度条才可以删除，没有
314,获取系统进程条当前位置,EpsProgressGetPos,SSProcess.EpsProgressGetPos(),获取系统进程条当前位置 Online Help 获取系统进程条当前位置 EpsProgressGetPos 函数 EpsProgressGetPos 函数 获取系统进程条当前位置。 SSProcess.EpsProgressGetPos() 参数 说明 使用此函数将返回系统进程条当前位置。
315,获取系统进程条区间,EpsProgressGetRange,"SSProcess.EpsProgressGetRange(nLower, nUpper)","获取系统进程条区间 Online Help 获取系统进程条区间 EpsProgressGetRange 函数 EpsProgressGetRange 函数 清空显示可控对象条件信息。 SSProcess.EpsProgressGetRange(nLower, nUpper) 参数 nLower 系统"
316,设置系统进程条当前位置,EpsProgressSetPos,SSProcess.EpsProgressSetPos(pos),设置系统进程条当前位置 Online Help 设置系统进程条当前位置 EpsProgressSetPos 函数 EpsProgressSetPos 函数 清空显示可控对象条件信息。 SSProcess.EpsProgressSetPos(pos) 参数 pos 系统进程条当前位置 说明 执行该函数
317,设置系统进程条区间,EpsProgressSetRange32,"SSProcess.EpsProgressSetRange32(nLower, nUpper)","设置系统进程条区间 Online Help 设置系统进程条区间 EpsProgressSetRange32 函数 EpsProgressSetRange32 函数 设置系统进程条区间。 SSProcess.EpsProgressSetRange32(nLower, nUpper) 参数 nLower"
318,设置系统进程条步距,EpsProgressSetStep,SSProcess.EpsProgressSetStep(step),设置系统进程条步距 Online Help 设置系统进程条步距 EpsProgressSetStep 函数 EpsProgressSetStep 函数 设置系统进程条步距。 SSProcess.EpsProgressSetStep(step) 参数 step 系统进程条步距 说明 该函数用于设置系统
319,设置进度条样式,EpsProgressSetStyle,SSProcess.EpsProgressSetStyle(nStyle),设置进度条样式 Online Help 设置进度条样式 EpsProgressSetStyle 函数 EpsProgressSetStyle 函数 设置进度条样式。 SSProcess.EpsProgressSetStyle(nStyle) 参数 nStyle 进度条样式： 0 附加在主窗口的状态条
320,系统进程条单步滚动,EpsProgressStepIt,SSProcess.EpsProgressStepIt,系统进程条单步滚动 Online Help 系统进程条单步滚动 EpsProgressStepIt 函数 EpsProgressStepIt 函数 系统进程条的单步滚动。 SSProcess.EpsProgressStepIt 参数 说明 执行该函数，将清空由 AddDispFilterInfo 设
321,更新系统进程条信息,EpsProgressUpdateMsg,SSProcess.EpsProgressUpdateMsg(msg),更新系统进程条信息 Online Help 更新系统进程条信息 EpsProgressUpdateMsg 函数 EpsProgressUpdateMsg 函数 更新系统进程条信息。 SSProcess.EpsProgressUpdateMsg(msg) 参数 msg 提示信息。 说明 该函数用于更新
322,获取编码挂接的属性表,GetCodeAttrTableName,"SSProcess.GetCodeAttrTableName(code, tableType)","获取编码挂接的属性表 Online Help 获取编码挂接的属性表 GetCodeAttrTableName 函数 GetCodeAttrTableName 函数 获取编码挂接的属性表。 SSProcess.GetCodeAttrTableName(code, tableType) 参数 code "
323,获取系统颜色表,GetColorInfoTB,SSProcess.GetColorInfoTB(),获取系统颜色表 Online Help 获取系统颜色表 GetColorInfoTB 函数 GetColorInfoTB 函数 获取当前工程所用的颜色信息表。 SSProcess.GetColorInfoTB() 参数 说明 获取当前工程所用的颜色信息表。 返回颜色表名。 示例 Sub OnClic
324,获取当前光标屏幕坐标,GetCursorPoint,"SSProcess.GetCursorPoint(x,y)","获取当前光标屏幕坐标 Online Help 获取当前光标屏幕坐标 GetCursorPoint 函数 GetCursorPoint 函数 获取当前光标屏幕坐标。 SSProcess.GetCursorPoint(x,y) 参数 x 当前光标屏幕 x 坐标 y 当前光标屏幕 y 坐标 说明 执行该函"
325,获取当前光标实地坐标,GetCursorSurveyPoint,"SSProcess.GetCursorSurveyPoint(x, y, z)","获取当前光标实地坐标 Online Help 获取当前光标实地坐标 GetCursorSurveyPoint 函数 GetCursorSurveyPoint 函数 获取当前光标实地坐标。 SSProcess.GetCursorSurveyPoint(x, y, z) 参数 x 目前光标实地 x 坐标"
326,获取编码信息,GetFeatureCodeInfo,"SSProcess.GetFeatureCodeInfo(code, fields)","获取编码信息 Online Help 获取编码信息 GetFeatureCodeInfo 函数 GetFeatureCodeInfo 函数 清空显示可控对象条件信息。 SSProcess.GetFeatureCodeInfo(code, fields) 参数 code 要查找的编码 fields 要"
327,获取系统编码表,GetFeatureCodeTB,SSProcess.GetFeatureCodeTB(),获取系统编码表 Online Help 获取系统编码表 GetFeatureCodeTB 函数 GetFeatureCodeTB 函数 获取系统编码表。 SSProcess.GetFeatureCodeTB() 参数 说明 执行该函数，将返回当前系统使用的编码表名称。 示例 下面示例获取当前使用的编
328,获取属性编码与名称对照表,GetFieldCodeMap,"SSProcess.GetFieldCodeMap(tableName, fieldName, codes, names)","获取属性编码与名称对照表 Online Help 获取属性编码与名称对照表 GetFieldCodeMap 函数 GetFieldCodeMap 函数 获取属性编码与名称对照表。 SSProcess.GetFieldCodeMap(tableName, fieldName, codes, names"
329,获取分类号信息,GetFontClassInfo,"SSProcess.GetFontClassInfo(code, fields ） 参数 code 要查找的分类号 fields 要查找的分类号信息名称 , 有多个时用逗号分隔 , 分类号信息名称见下表： FontClass 分类号 FontColor 文字颜色 StringAngle 字串角度 FontName 字体名 FontWidth 字宽 FontHeight 字高 FontInterval 字隔 FontWeight 字重 IlaticAngle 斜体 WordAngle 字角度 DownAngle 耸肩 Underline 下划线 Memo 备注 LayerName 层名 FontByname 字体别名 Filter 是否过滤 Byname 别名 HS 对齐方式 说明 执行该函数可获取指定注记分类号的定义信息。 返回值为与 fields 信息个数对应的分类号信息 , 有多个时 , 用逗号分隔 , 如果内容为空 , 则指定分类号不存在。 示例 下面示例获取注记分类号 0 的字体名和分类名称信息： Sub OnClick()","获取分类号信息 Online Help 获取分类号信息 GetFontClassInfo 函数 GetFontClassInfo 函数 清空显示可控对象条件信息。 SSProcess.GetFontClassInfo(code, fields ） 参数 code 要查找的分类号 fields 要查找"
330,获取图廓编码,GetFrameCode,SSProcess.GetFrameCode(),获取图廓编码 Online Help 获取图廓编码 GetFrameCode 函数 GetFrameCode 函数 获取图廓编码。 SSProcess.GetFrameCode() 参数 说明 执行该函数，获取系统环境设置下面图廓的编码。 示例 Sub OnClick() SSProcess. Ge
331,申请对象ID,GetGeoID,SSProcess.GetGeoID(),申请对象ID Online Help 申请对象 ID GetGeoID 函数 GetGeoID 函数 申请对象 ID 。 SSProcess.GetGeoID() 参数 说明 该函数为系统设置函数，是指在当前最大地物 ID 的基础上申请对象 ID 。 示例 下面示例是申请的一个对象 ID ： Sub
332,获取当前最大地物ID,GetGeoMaxID,SSProcess.GetGeoMaxID(),获取当前最大地物ID Online Help 获取当前最大地物 ID GetGeoMaxID 函数 GetGeoMaxID 函数 获取当前最大地物 ID 。 SSProcess.GetGeoMaxID() 参数 说明 获取当前最大地物 ID 。 示例 Sub OnClick() a= SSProce
333,获取多列参数编辑框单元格信息,GetGridCellInfo,"SSProcess.GetGridCellInfo(row, col)","获取多列参数编辑框单元格信息 Online Help 获取多列参数编辑框单元格信息 GetGridCellInfo 函数 GetGridCellInfo 函数 获取多列参数编辑框单元格信息。 SSProcess.GetGridCellInfo(row, col) 参数 row 参数编辑框行号 col"
334,获取多列参数编辑框表格列数,GetGridColCount,SSProcess.GetGridColCount(),获取多列参数编辑框表格列数 Online Help 获取多列参数编辑框表格列数 GetGridColCount 函数 GetGridColCount 函数 获取多列参数编辑框表格列数。 SSProcess.GetGridColCount() 参数 说明 该函数获取多列参数编辑框表格列数 示例 Sub
335,获取多列参数编辑框表格行数,GetGridRowCount,SSProcess.GetGridRowCount(),获取多列参数编辑框表格行数 Online Help 获取多列参数编辑框表格行数 GetGridRowCount 函数 GetGridRowCount 函数 获取多列参数编辑框表格行数。 SSProcess.GetGridRowCount() 参数 说明 示例 Sub OnClick() ' 获取多行
336,获取表格当前选择行数,GetGridSelRowCount,SSProcess.GetGridSelRowCount(),获取表格当前选择行数 Online Help 获取表格当前选择行数 GetGridSelRowCount 函数 GetGridSelRowCount 函数 获取表格当前选择行数。 SSProcess.GetGridSelRowCount() 参数 说明
337,获取录入参数,GetInputParameter,SSProcess.GetInputParameter(name),获取录入参数 Online Help 获取录入参数 GetInputParameter 函数 GetInputParameter 函数 获取录入参数。 SSProcess.GetInputParameter(name) 参数 name 参数名称 说明 执行该函数，将弹出对话框，录入相应参数。
338,获取图层挂接的属性表,GetLayerAttrTableName,"SSProcess.GetLayerAttrTableName(layerName, tableType)","获取图层挂接的属性表 Online Help 获取图层挂接的属性表 GetLayerAttrTableName 函数 GetLayerAttrTableName 函数 获取图层挂接的属性表。 SSProcess.GetLayerAttrTableName(layerName, tableType) "
339,获取图层数,GetLayerCount,SSProcess.GetLayerCount(),获取图层数 Online Help 获取图层数 GetLayerCount 函数 GetLayerCount 函数 获取图层数。 SSProcess.GetLayerCount() 参数 返回系统图层个数。 说明 执行该函数，返回系统图层个数。 示例 下面获取系统图层个数： Sub OnClick(
340,获取图层名称,GetLayerName,SSProcess.GetLayerName(index),"获取图层名称 Online Help 获取图层名称 GetLayerName 函数 GetLayerName 函数 获取图层名称。 SSProcess.GetLayerName(index) 参数 index 要返回层名的索引号 , 从 0 到层数减一 说明 执行该函数，将返回指定索引的图层名称。 "
341,获取图层状态,GetLayerStatus,"SSProcess.GetLayerStatus(layername, type)","获取图层状态 Online Help 获取图层状态 GetLayerStatus 函数 GetLayerStatus 函数 获取图层状态。 SSProcess.GetLayerStatus(layername, type) 参数 layername 要查看的用户层名 type 用户层状态 1 （是否"
342,获取图廓层名,GetMapBoxLayerName,SSProcess.GetMapBoxLayerName (),获取图廓层名 Online Help 获取图廓层名 GetMapBoxLayerName 函数 GetMapBoxLayerName 函数 获取图廓层名。 SSProcess.GetMapBoxLayerName () 参数 说明 执行此函数将返回图廓层名称。 示例 下面示例将返回当前工程的图廓层层
343,获取分幅方式,GetMapBoxWay,SSProcess.GetMapBoxWay(),获取分幅方式 Online Help 获取分幅方式 SetMapBoxWay 函数 GetMapBoxWay 函数 设置分幅方式。 SSProcess.GetMapBoxWay() 参数 说明 执行此函数将返回分幅方式： 0. 矩形分幅； 1. 梯形分幅； 2. 斜分幅 示例 下面示例将返回当前工程
344,获取图幅格式,SetMapRowCol,"SSProcess.SetMapRowCol(row, col)","获取图幅格式 Online Help 获取图幅格式 GetMapRowCol 函数 GetMapRowCol 函数 获取图幅格式。 SSProcess.SetMapRowCol(row, col) 参数 row 矩形分幅规格高度 col 矩形分幅规格宽度 说明 该函数设置图幅规格。 示例 下面示例将"
345,获取地图比例尺,GetMapScale,SSProcess.GetMapScale(),获取地图比例尺 Online Help 获取地图比例尺 GetMapScale 函数 GetMapScale 函数 获取地图比例尺。 SSProcess.GetMapScale() 参数 返回地图比例尺分母。 说明 执行该函数，返回系统比例尺，本比例尺为软件设置菜单 -> 系统环境设 -> 图幅信息
346,获取数据库状态,GetMapStatus,SSProcess.GetMapStatus(type),获取数据库状态 Online Help 获取数据库状态 GetMapStatus 函数 GetMapStatus 函数 获取数据库状态。 SSProcess.GetMapStatus(type) 参数 type 数据库状态 2 （锁定数据库）、 4 （锁定地物显示列表）、 8 （锁定标注显示列表）、
347,获取系统注记模板表,GetNoteTemplateTB,SSProcess.GetNoteTemplateTB(),获取系统注记模板表 Online Help 获取系统注记模板表 GetNoteTemplateTB 函数 GetNoteTemplateTB 函数 获取系统注记模板表名称。 SSProcess.GetNoteTemplateTB() 参数 说明 执行该函数，将返回当前系统使用的注记分类表名称。 示例
348,读取自定义Ini文件参数,GetPrivateProfile,"SSProcess.GetPrivateProfile(strSection, strKey , strDefault, strInIfile)","读取自定义Ini文件参数 Online Help 读取自定义 Ini 文件参数 GetPrivateProfile 函数 GetPrivateProfile 函数 读取自定义 Ini 文件参数。 SSProcess.GetPrivateProfile(strSection, strKey , str"
349,获取选择集对象的最小外接多边形,GetSelectionObjExternalPolygon,SSProcess.GetSelectionObjExternalPolygon(gridSize),获取选择集对象的最小外接多边形 Online Help 获取选择集对象的最小外接多边形 GetSelectionObjExternalPolygon 函数 GetSelectionObjExternalPolygon 函数 获取选择集对象的最小外接多边形。 SSProcess.GetSelectio
350,获取系统符号描述表,GetSymbolScriptTB,SSProcess.GetSymbolScriptTB(),获取系统符号描述表 Online Help 获取系统符号描述表 GetSymbolScriptTB 函数 GetSymbolScriptTB 函数 获取系统符号描述表名称。 SSProcess.GetSymbolScriptTB() 参数 说明 执行该函数，将返回当前系统使用的符号描述表名称。 示例
351,删除定时器,KillTimer,SSProcess.KillTimer(nIDEvent),删除定时器 Online Help 删除定时器 KillTimer 函数 KillTimer 函数 删除定时器。 SSProcess.KillTimer(nIDEvent) 参数 nlDEvent 定时器的序号 说明 示例 scroll = 1 Sub OnInitScript() mode = 0
352,移动屏幕到指定位置,MoveScreen,"SSProcess.MoveScreen(x, y, movealways)","移动屏幕到指定位置 Online Help 移动屏幕到指定位置 MoveScreen 函数 MoveScreen 函数 移动屏幕到指定位置。 SSProcess.MoveScreen(x, y, movealways) 参数 x 将屏幕移动到的 x 坐标，以此 x 值为屏幕中心 x 坐标 y 将屏幕"
353,读取EPS工程参数,ReadEpsDBIni,SSProcess.ReadEpsDBIni,"读取EPS工程参数 Online Help 读取 EPS 工程参数 ReadEpsDBIni 函数 ReadEpsDBIni 函数 读取 EPS 工程参数。 SSProcess.ReadEpsDBIni （ strSection, strKey , strDefault) 参数 strSection"
354,读取EPSGlobal.Ini文件参数,ReadEpsGlobalIni,"SSProcess.ReadEpsGlobalIni(strSection, strKey, strDefault)",读取EPSGlobal.Ini文件参数 Online Help 读取 EPSGlobal.Ini 文件参数 ReadEpsGlobalIni 函数 ReadEpsGlobalIni 函数 读取 EpsGlobalIni 文件参数。 SSProcess.ReadEpsGlobalIni(strSect
355,读取EPS.Ini文件参数,ReadEpsIni,"SSProcess.ReadEpsIni(strSection, strKey,strDefault)","读取EPS.Ini文件参数 Online Help 读取 EPS.Ini 文件参数 ReadEpsIni 函数 ReadEpsIni 函数 读取 EPS.Ini 文件参数。 SSProcess.ReadEpsIni(strSection, strKey,strDefault) 参数 strSecti"
356,读取EPS模板参数,ReadEpsTemplateIni,"SSProcess.ReadEpsTemplateIni(strSection, strKey , strDefault)","读取EPS模板参数 Online Help 读取 EPS 模板参数 ReadEpsTemplateIni 函数 ReadEpsTemplateIni 函数 读取 EPS 模板参数。 SSProcess.ReadEpsTemplateIni(strSection, strKey , strDefaul"
357,读取EPS XML文件参数,ReadEpsXMLIni,"SSProcess.ReadEpsXMLIni(nSettingFile, strSection, strKey , strDefault)","读取EPS XML文件参数 Online Help 读取 EPS XML 文件参数 ReadEpsXMLIni 函数 ReadEpsXMLIni 函数 读物 EPS XML 文件参数。 SSProcess.ReadEpsXMLIni(nSettingFile, strSection, strKey "
358,刷新图形窗口,RefreshView,SSProcess.RefreshView(),刷新图形窗口 Online Help 刷新图形窗口 RefreshView 函数 RefreshView 函数 刷新图形窗口。 SSProcess.RefreshView() 参数 说明 执行该函数，可以刷新当前图形窗口。 示例
359,发送主框架窗口消息,SendFrameMessage,"SSProcess.SendFrameMessage(Msg, wParam, lParam)","发送主框架窗口消息 Online Help 发送主框架窗口消息 SendFrameMessage 函数 SendFrameMessage 函数 发送主框架窗口消息。 SSProcess.SendFrameMessage(Msg, wParam, lParam) 参数 Msg 主框架窗口内容 wPar"
360,发送视图窗口消息,SendViewMessage,"SSProcess.SendViewMessage(Msg, wParam, lParam)","发送视图窗口消息 Online Help 发送视图窗口消息 SendViewMessage 函数 SendViewMessage 函数 发送视图窗口消息。 SSProcess.SendViewMessage(Msg, wParam, lParam) 参数 Msg 视图窗口内容 wParam 视图窗口"
361,设置系统颜色表,SetColorInfoTB,SSProcess.SetColorInfoTB(colorInfoTB),设置系统颜色表 Online Help 设置系统颜色表 SetColorInfoTB 函数 SetColorInfoTB 函数 设置系统颜色表。 SSProcess.SetColorInfoTB(colorInfoTB) 参数 colorInfoTB 系统注记表名称 说明
362,设置当前处理操作进程提示,SetDealMsg,SSProcess.SetDealMsg(dealMsg),设置当前处理操作进程提示 Online Help 设置当前处理操作进程提示 SetDealMsg 函数 SetDealMsg 函数 设置当前处理操作进程提示。 SSProcess.SetDealMsg(dealMsg) 参数 dealMsg 提示标题 说明 示例 Sub OnClick() SSPr
363,设置编码信息,SetFeatureCodeInfo,"SSProcess.SetFeatureCodeInfo(code, fields, values)","设置编码信息 Online Help 设置编码信息 SetFeatureCodeInfo 函数 SetFeatureCodeInfo 函数 设置编码信息。 SSProcess.SetFeatureCodeInfo(code, fields, values) 参数 code 编码 Fields 添加数"
364,设置系统编码表,SetFeatureCodeTB,"SSProcess.SetFeatureCodeTB(featureTB,symbolscriptTB)","设置系统编码表 Online Help 设置系统编码表 SetFeatureCodeTB 函数 SetFeatureCodeTB 函数 设置系统编码表。 SSProcess.SetFeatureCodeTB(featureTB,symbolscriptTB) 参数 featureTB 编码表名称 s"
365,设置分类号信息,SetFontClassInfo,"SSProcess.SetFontClassInfo(code, fields, values)","设置分类号信息 Online Help 设置分类号信息 SetFontClassInfo 函数 SetFontClassInfo 函数 设置分类号信息。 SSProcess.SetFontClassInfo(code, fields, values) 参数 code 分类号编码 , 可查看 Note"
366,设置图廓编码,SetFrameCode,SSProcess.SetFrameCode(frmCode),设置图廓编码 Online Help 设置图廓编码 SetFrameCode 函数 SetFrameCode 函数 设置图廓编码。 SSProcess.SetFrameCode(frmCode) 参数 frmCode 图廓编码 说明 使用此函数将设置工程中的图廓编码。 示例 下面示例工程中的图廓编码
367,设置多列参数编辑框单元格信息,SetGridCellInfo,"SSProcess.SetGridCellInfo(row, col, value, options)","设置多列参数编辑框单元格信息 Online Help 设置多列参数编辑框单元格信息 SetGridCellInfo 函数 SetGridCellInfo 函数 设置多列参数编辑框单元格信息。 SSProcess.SetGridCellInfo(row, col, value, options) 参数"
368,设置多列参数编辑框表格信息,SetGridHeadInfo,"SSProcess.SetGridHeadInfo(columnNames, columnWidths, enableMarkSortedColumn, enableHeader, emptyRow)","设置多列参数编辑框表格信息 Online Help 设置多列参数编辑框表格信息 SetGridHeadInfo 函数 SetGridHeadInfo 函数 设置多列参数编辑框表格信息。 SSProcess.SetGridHeadInfo(columnNames, columnWidths, enab"
369,修改录入参数,SetInputParameter,"SSProcess.SetInputParameter(name, value)","修改录入参数 Online Help 修改录入参数 SetInputParameter 函数 SetInputParameter 函数 修改录入参数。 SSProcess.SetInputParameter(name, value) 参数 name 对话框录入参数名称 value 参数值 说明 使用"
370,设置图层状态,SetLayerStatus,"SSProcess.SetLayerStatus(layername,flags,type)","设置图层状态 Online Help 设置图层状态 SetLayerStatus 函数 SetLayerStatus 函数 设置图层状态。 SSProcess.SetLayerStatus(layername,flags,type) 参数 Layername 要设置的层名 flags 设置或取消状态"
371,设置图廓层名,SetMapBoxLayerName,SSProcess.SetMapBoxLayerName(layerName),设置图廓层名 Online Help 设置图廓层名 SetMapBoxLayerName 函数 SetMapBoxLayerName 函数 设置图廓层名。 SSProcess.SetMapBoxLayerName(layerName) 参数 layerName 层名 说明 使用此函数设置当前工程中的
372,设置分幅方式,SetMapBoxWay,SSProcess.SetMapBoxWay(way),设置分幅方式 Online Help 设置分幅方式 SetMapBoxWay 函数 SetMapBoxWay 函数 设置分幅方式。 SSProcess.SetMapBoxWay(way) 参数 way 分幅方式（ 0 ：矩形分幅； 1 ：梯形分幅； 2 ：斜分幅； 3 ：北京地籍分幅） 说明 使用此
373,设置图幅规格,SetMapRowCol,"SSProcess.SetMapRowCol(row, col)","设置图幅规格 Online Help 设置图幅规格 SetMapRowCol 函数 SetMapRowCol 函数 设置图幅规格。 SSProcess.SetMapRowCol(row, col) 参数 row 行高 ( 单位 cm) col 列宽 ( 单位 cm) 说明 该函数设置图幅规格。 示例"
374,设置地图比例尺,SetMapScale,SSProcess.SetMapScale(scale),设置地图比例尺 Online Help 设置地图比例尺 SetMapScale 函数 SetMapScale 函数 设置地图比例尺。 SSProcess.SetMapScale(scale) 参数 scale 比例尺（如： 500 ） 说明 该函数设置地图比例尺。 示例 Sub OnClick() 
375,设置数据库状态,SetMapStatus,"SSProcess.SetMapStatus(flags,type)","设置数据库状态 Online Help 设置数据库状态 SetMapStatus 函数 SetMapStatus 函数 设置数据库状态。 SSProcess.SetMapStatus(flags,type) 参数 flags 设置或取消状态 0 （取消状态）、 1 （ 设置状态） type 数据库状"
376,设置系统注记模板表,SetNotetemplateTB,SSProcess.SetNotetemplateTB(notetemplateTB),设置系统注记模板表 Online Help 设置系统注记模板表 SetNotetemplateTB 函数 SetNotetemplateTB 函数 设置系统注记模板表。 SSProcess.SetNotetemplateTB(notetemplateTB) 参数 notetemplateTB 注记分
377,设置定时器,SetTimer,"SSProcess.SetTimer(nIDEvent, nElapse)","设置定时器 Online Help 设置定时器 SetTimer 函数 SetTimer 函数 设置定时器。 SSProcess.SetTimer(nIDEvent, nElapse) 参数 nIDEvent 定时器标示 nElapse 定时时间。 说明 此函数功能为设置定时器，需与 KillTim"
378,设置未可控对象颜色状态,SetUnfilterObjColor,"SSProcess.SetUnfilterObjColor(flag, color)","设置未可控对象颜色状态 Online Help 设置未可控对象颜色状态 SetUnfilterObjColor 函数 SetUnfilterObjColor 函数 设置未可控对象颜色状态。 SSProcess.SetUnfilterObjColor(flag, color) 参数 flag 是否对不"
379,显示多列参数编辑框对话框,ShowGridEditDlg,SSProcess.ShowGridEditDlg(title),显示多列参数编辑框对话框 Online Help 显示多列参数编辑框对话框 ShowGridEditDlg 函数 ShowGridEditDlg 函数 显示多列参数编辑框对话框。 SSProcess.ShowGridEditDlg(title) 参数 title 对话框标题 说明 该函数用于显示多列
380,显示多列参数编辑框对话框,ShowGridEditDlg1,"SSProcess.ShowGridEditDlg1(title, okBtnTitle, clickOKCloseDlg, dlgWidth, dlgHeight)","显示多列参数编辑框对话框 Online Help 显示多列参数编辑框对话框 ShowGridEditDlg1 函数 ShowGridEditDlg1 函数 显示多列参数编辑框对话框。 SSProcess.ShowGridEditDlg1(title, okBtnTitle, clickOKClose"
381,显示多列参数编辑框对话框（有模）,ShowGridEditDlg2,"SSProcess.ShowGridEditDlg2(title, okBtnTitle, clickOKCloseDlg, dlgWidth, dlgHeight)","显示多列参数编辑框对话框（有模） Online Help 显示多列参数编辑框对话框（有模） ShowGridEditDlg2 函数 ShowGridEditDlg2 函数 显示多列参数编辑框对话框（有模）。 SSProcess.ShowGridEditDlg2(title, okBtnTitle, "
382,显示参数录入对话框,ShowInputParameterDlg,SSProcess.ShowInputParameterDlg(title),显示参数录入对话框 Online Help 显示参数录入对话框 ShowInputParameterDlg 函数 ShowInputParameterDlg 函数 显示参数录入对话框。 SSProcess.ShowInputParameterDlg(title) 参数 title 对话框标题 说明 
383,显示自定义参数录入对话框,ShowInputUserDefParameterDlg,"SSProcess.ShowInputUserDefParameterDlg(title, dlgTemplateName, dlgWidth, dlgHeight, colCount, titleWidth, valueWidth)",显示自定义参数录入对话框 Online Help 显示自定义参数录入对话框 ShowInputUserDefParameterDlg 函数 ShowInputUserDefParameterDlg 函数 显示自定义参数录入对话框。 SSProcess.ShowInputUserDefParamete
384,更新编码定义信息到数据库,UpdateFeatureCode,"SSProcess.UpdateFeatureCode(Code,Fileds,Values)","更新编码定义信息到数据库 Online Help 更新编码定义信息到数据库 UpdateFeatureCode 函数 UpdateFeatureCode 函数 更新编码定义信息到数据库。 SSProcess.UpdateFeatureCode(Code,Fileds,Values) 参数 Code "
385,更新注记分类信息到数据库,UpdateFontClass,SSProcess.UpdateFontClass(),更新注记分类信息到数据库 Online Help 更新注记分类信息到数据库 UpdateFontClass 函数 UpdateFontClass 函数 更新注记分类信息到数据库。 SSProcess.UpdateFontClass() 参数 说明 执行该函数，将通过选择集设定的注记分类信息更新到数据
386,写EPS工程参数,WriteEpsDBIni,"SSProcess.WriteEpsDBIni(strSection, strKey , strValue)","写EPS工程参数 Online Help 写 EPS 工程参数 WriteEpsDBIni 函数 WriteEpsDBIni 函数 写 EPS 工程参数。 SSProcess.WriteEpsDBIni(strSection, strKey , strValue) 参数 strSection 参数组"
387,写EPS Global.Ini文件参数,WriteEpsGlobalIni,"SSProcess.WriteEpsGlobalIni(strSection, strKey , strValue)",写EPS Global.Ini文件参数 Online Help 写 EPS Global.Ini 文件参数 WriteEpsGlobalIni 函数 WriteEpsGlobalIni 函数 写 EPS Global.Ini 文件参数。 SSProcess.WriteEpsGlobalIni(str
388,写EPS.Ini文件参数,WriteEpsIni,"SSProcess.WriteEpsIni(strSection, strKey , strValue)","写EPS.Ini文件参数 Online Help 写 EPS.Ini 文件参数 WriteEpsIni 函数 WriteEpsIni 函数 写 EPS.Ini 文件参数。 SSProcess.WriteEpsIni(strSection, strKey , strValue) 参数 strSecti"
389,写EPS模板参数,WriteEpsTemplateIni,"SSProcess.WriteEpsTemplateIni(strSection, strKey , strValue)","写EPS模板参数 Online Help 写 EPS 模板参数 WriteEpsTemplateIni 函数 WriteEpsTemplateIni 函数 写 EPS 模板参数。 SSProcess.WriteEpsTemplateIni(strSection, strKey , strValue)"
390,写EPS  XML文件参数,WriteEpsXMLIni,"SSProcess.WriteEpsXMLIni(nSettingFile,strSection,strKey,strValue)","写EPS XML文件参数 Online Help 写 EPS XML 文件参数 WriteEpsXMLIni 函数 WriteEpsXMLIni 函数 写 EPS XML 文件参数。 SSProcess.WriteEpsXMLIni(nSettingFile,strSection,strKey,st"
391,写自定义Ini文件参数,WritePrivateProfile,"SSProcess.WritePrivateProfile(strSection, strKey , strValue, strInIfile)","写自定义Ini文件参数 Online Help 写自定义 Ini 文件参数 WritePrivateProfile 函数 WritePrivateProfile 函数 写自定义 Ini 文件参数。 SSProcess.WritePrivateProfile(strSection, strKey , "
392,选择集操作,,,选择集操作 Online Help 选择集操作 选择集操作 清空选择条件 ClearSelectCondition 清除指定分组选择条件 ClearSelectConditionGroup 清除所有分组选择条件 ClearSelectConditionGroups 清空选择集 ClearSelect
393,清空选择条件,ClearSelectCondition,SSProcess.ClearSelectCondition(),清空选择条件 Online Help 清空选择条件 ClearSelectCondition 函数 ClearSelectCondition 函数 清空函数 SetSelectCondition 设定的选择条件。 SSProcess.ClearSelectCondition() 参数 说明 执行该函
394,清除指定分组选择条件,ClearSelectConditionGroup,SSProcess.ClearSelectConditionGroup(groupName),清除指定分组选择条件 Online Help 清除指定分组选择条件 ClearSelectConditionGroup 函数 ClearSelectConditionGroup 函数 清除函数 SetSelectConditionGroup 设定的分组选择条件。 SSProcess.ClearSel
395,清除所有分组选择条件,ClearSelectConditionGroups,SSProcess.ClearSelectConditionGroups(),清除所有分组选择条件 Online Help 清除所有分组选择条件 ClearSelectConditionGroups 函数 ClearSelectConditionGroups 函数 清空函数 SetSelectConditionGroup 设定的所有分组选择条件。 SSProcess.Clea
396,清空选择集,ClearSelection,SSProcess.ClearSelection(),清空选择集 Online Help 清空选择集 ClearSelection 函数 ClearSelection 函数 清空当前选择集中的所有对象。 SSProcess.ClearSelection() 参数 说明 执行该函数，将清空当前选择集中的所有对象 示例 Sub OnClick() SSPr
397,清空系统选择集,ClearSysSelection,SSProcess.ClearSysSelection(),清空系统选择集 Online Help 清空系统选择集 ClearSysSelection 函数 ClearSysSelection 函数 清空系统选择集。 SSProcess.ClearSysSelection() 参数 说明 执行该函数，将清空当前系统选择集的对象。 示例 Sub OnClick
398,删除选择集中的转换地物,DeleteInSelectionXGeo,SSProcess.DeleteInSelectionXGeo ( index ),删除选择集中的转换地物 Online Help 删除选择集中的转换地物 DeleteInSelectionXGeo 函数 DeleteInSelectionXGeo 函数 删除选择集中的转换地物。 SSProcess.DeleteInSelectionXGeo ( index ) 参数 index 
399,删除选择集中的转换注记,DeleteInSelectionXNote,SSProcess.DeleteInSelectionXNote (index),删除选择集中的转换注记 Online Help 删除选择集中的转换注记 DeleteInSelectionXNote 函数 DeleteInSelectionXNote 函数 删除选择集中的转换注记。 SSProcess.DeleteInSelectionXNote (index) 参数 index
400,获取多边形内选中对象的属性值,GetSelectPolygonObjAttr,"SSProcess.GetSelectPolygonObjAttr (index, attrField)",获取多边形内选中对象的属性值 Online Help 获取多边形内选中对象的属性值 GetSelectPolygonObjAttr 函数 GetSelectPolygonObjAttr 函数 获取多边形内选中对象的属性值。 SSProcess.GetSelectPolygonObjAttr (ind
401,获取多边形内选中对象的个数,GetSelectPolygonObjCount,SSProcess.GetSelectPolygonObjCount(),获取多边形内选中对象的个数 Online Help 获取多边形内选中对象的个数 GetSelectPolygonObjCount 函数 GetSelectPolygonObjCount 函数 获取多边形内选中对象的个数。 SSProcess.GetSelectPolygonObjCount() 参数
402,删除多边形内选中的指定对象,RemoveSelectPolygonObj,SSProcess.RemoveSelectPolygonObj (index),删除多边形内选中的指定对象 Online Help 删除多边形内选中的指定对象 RemoveSelectPolygonObj 函数 RemoveSelectPolygonObj 函数 删除多边形内选中的指定对象。 SSProcess.RemoveSelectPolygonObj (index) 参数
403,选择过滤,SelectFilter,SSProcess.SelectFilter(),"选择过滤 Online Help 选择过滤 SelectFilter 函数 SelectFilter 函数 根据 SetSelectCondition 设定的选择条件 , 选择对象到选择集中。 SSProcess.SelectFilter() 参数 说明 执行该函数，将根据 SetSelectCon"
404,设置选择条件,SetSelectCondition,"SSProcess.SetSelectCondition(conditionName, operateMode, conditionValue)","设置选择条件 Online Help 设置选择条件 SetSelectCondition 函数 SetSelectCondition 函数 设置选择条件。 SSProcess.SetSelectCondition(conditionName, operateMode, conditionValue)"
405,设置分组选择条件,SetSelectConditionGroup,"SSProcess.SetSelectConditionGroup( groupName, conditionName, operateMode, conditionValue )","设置分组选择条件 Online Help 设置分组选择条件 SetSelectConditionGroup 函数 SetSelectConditionGroup 函数 设置分组选择条件。 SSProcess.SetSelectConditionGroup( groupName, conditionN"
406,选择集内对象排序（从西到东，从北到南）,ClearSelection,SSProcess.GetSelGeoCount(),选择集内对象排序（从西到东，从北到南） Online Help 选择集内对象排序（从西到东，从北到南） SortSelectionObj 函数 SortSelectionObj 函数 选择集内对象排序（从西到东，从北到南）。 SSProcess. SortSelectionObj1 (rowHeig
407,选择集内对象排序（从东到西，从北到南）,SortSelectionObj1,SSProcess.SortSelectionObj1 (rowHeighte),选择集内对象排序（从东到西，从北到南） Online Help 选择集内对象排序（从东到西，从北到南） SortSelectionObj1 函数 SortSelectionObj1 函数 选择集内对象排序（从东到西，从北到南）。 SSProcess.SortSelectionObj1 (rowHei
408,选择集图形转属性,TransSelectionObjToAttr,"SSProcess.TransSelectionObjToAttr (geoID, fieldName, delObj)","选择集图形转属性 Online Help 选择集图形转属性 TransSelectionObjToAttr 函数 TransSelectionObjToAttr 函数 选择集图形转属性。 SSProcess.TransSelectionObjToAttr (geoID, fieldName, del"
409,更新当前选择到系统选择集,UpdateSysSelection,SSProcess.UpdateSysSelection( flag ),更新当前选择到系统选择集 Online Help 更新当前选择到系统选择集 UpdateSysSelection 函数 UpdateSysSelection 函数 脚本选择的对象与系统选择集的对象互转。 SSProcess.UpdateSysSelection( flag ) 参数 flag 选择集
410,坐标转换函数,,,坐标转换函数 Online Help 坐标转换 函数 坐标转换函数 经纬度转 54 系 XY 坐标 LongiLatiToxy54 经纬度转 80 系 XY 坐标 LongiLatiToxy80 经纬度转 2000 系 XY 坐标 LongiLatiToxyCGCS2000 经纬度转 80 系 XY
411,经纬度转54系XY坐标,LongiLatiToxy54,"SSProcess.LongiLatiToxy54(lon0, b, l, px, py)","经纬度转54系XY坐标 Online Help 经纬度转 54 系 XY 坐标 LongiLatiToxy54 函数 LongiLatiToxy54 函数 经纬度转 54 系 XY 坐标 SSProcess.LongiLatiToxy54(lon0, b, l, px, py) 参数 lon0 中央"
412,经纬度转80系XY坐标,LongiLatiToxy80,"SSProcess.LongiLatiToxy80(lon0, b, l, px, py)","经纬度转80系XY坐标 Online Help 经纬度转 80 系 XY 坐标 LongiLatiToxy80 函数 LongiLatiToxy80 函数 经纬度转 80 系 XY 坐标 SSProcess.LongiLatiToxy80(lon0, b, l, px, py) 参数 lon0 中央"
413,经纬度转2000系XY坐标,GetSelGeoCount,SSProcess.GetSelGeoPointCount (i),"经纬度转2000系XY坐标 Online Help 经纬度转 2000 系 XY 坐标 LongiLatiToxyCGCS2000 函数 LongiLatiToxyCGCS2000 函数 打开文件选择对话框，选择文件名。 SSProcess. LongiLatiToxyCGCS2000(lon0,b"
414,经纬度转80系XY坐标,LongiLatiToxyWGS84,"SSProcess.LongiLatiToxyWGS84 (lon0, b, l, px, py)","经纬度转80系XY坐标 Online Help 经纬度转 80 系 XY 坐标 LongiLatiToxyWGS84 函数 LongiLatiToxyWGS84 函数 经纬度转 80 系 XY 坐标 SSProcess.LongiLatiToxyWGS84 (lon0, b, l, px, py) "
415,经纬度转54系XYZ坐标,LongiLatiToxyz54,"SSProcess.LongiLatiToxyz54(lon0, b, l, h, px, py, pz)","经纬度转54系XYZ坐标 Online Help 经纬度转 54 系 XYZ 坐标 LongiLatiToxyz54 函数 LongiLatiToxyz54 函数 经纬度转 54 系 XYZ 坐标 SSProcess.LongiLatiToxyz54(lon0, b, l, h, px, py, p"
416,经纬度转80系XYZ坐标,LongiLatiToxyz80,"SSProcess.LongiLatiToxyz80 (lon0, b, l, h, px, py, pz )","经纬度转80系XYZ坐标 Online Help 经纬度转 80 系 XYZ 坐标 LongiLatiToxyz80 函数 LongiLatiToxyz80 函数 经纬度转 80 系 XYZ 坐标 SSProcess.LongiLatiToxyz80 (lon0, b, l, h, px, py, "
417,经纬度转2000系XYZ坐标,LongiLatiToxyzCGCS2000,"SSProcess.LongiLatiToxyzCGCS2000 (lon0, b, l, h, px, py, pz)",经纬度转2000系XYZ坐标 Online Help 经纬度转 2000 系 XYZ 坐标 LongiLatiToxyzCGCS2000 函数 LongiLatiToxyzCGCS2000 函数 经纬度转 2000 系 XYZ 坐标 SSProcess.LongiLatiToxyzCGCS2000 
418,经纬度转80系XYZ坐标,LongiLatiToxyzWGS84,"SSProcess.LongiLatiToxyzWGS84 (lon0, b, l, h, px, py, pz )","经纬度转80系XYZ坐标 Online Help 经纬度转 80 系 XYZ 坐标 LongiLatiToxyzWGS84 函数 LongiLatiToxyzWGS84 函数 经纬度转 80 系 XYZ 坐标 SSProcess.LongiLatiToxyzWGS84 (lon0, b, l, h,"
419,经纬度转换XY坐标,TransBLtoXY,"SSProcess.TransBLtoXY( ke, bb, ll, pX, pY, pR )","经纬度转换XY坐标 Online Help 经纬度转换 XY 坐标 TransBLtoXY 函数 TransBLtoXY 函数 经纬度转换 XY 坐标 SSProcess.TransBLtoXY( ke, bb, ll, pX, pY, pR ) 参数 ke 带宽 bb 需要转换的经度 ll 需要转"
420,四参数坐标转换,TransCoord_4p,"SSProcess.TransCoord_4p(lon0, xoffset, yoffset, srcCoordType, tagCoordType, srcEllipsoid, tagEllipsoid, dx, dy, da, dm, x, y, pX, pY)","四参数坐标转换 Online Help 四参数坐标转换 TransCoord_4p 函数 TransCoord_4p 函数 使用 4 参数，进行坐标系间的坐标换算。 SSProcess.TransCoord_4p(lon0, xoffset, yoffset, srcCoordType, tagCo"
421,七参数坐标转换,TransCoord_7p,"SSProcess.TransCoord_7p(lon0, xoffset, yoffset, srcCoordType, tagCoordType, srcEllipsoid, tagEllipsoid, dx, dy, dz, dxa, dya, dza, dm, x, y, z, pX, pY, pZ)","七参数坐标转换 Online Help 七参数坐标转换 TransCoord_7p 函数 TransCoord_7p 函数 使用 7 参数，进行坐标系间的坐标换算。 SSProcess.TransCoord_7p(lon0, xoffset, yoffset, srcCoordType, tagCo"
422,坐标投影换算,TransCoordXYZ,"SSProcess.TransCoordXYZ(planeSysName, heightSysName, reverse, transxy, transz, surveyDH, ByRef x, ByRef y, ByRef z)","坐标投影换算 Online Help 坐标投影换算 TransCoordXYZ 函数 TransCoordXYZ 函数 坐标体系转换计算主函数。 SSProcess.TransCoordXYZ(planeSysName, heightSysName, reverse, transxy, transz"
423,对选择集对象作坐标体系换算,TransSelectionObjCoord,"SSProcess.TransSelectionObjCoord(planeSysName, heightSysName, reverse, transXY, transZ)",对选择集对象作坐标体系换算 Online Help 对选择集对象作坐标体系换算 TransSelectionObjCoord 函数 TransSelectionObjCoord 函数 对选择集对象作坐标体系换算。 SSProcess.TransSelectionObjCoord(planeSysNa
424,XY坐标转换经纬度,TransXYtoBL,"SSProcess.TransXYtoBL(ke, x, y, pB, pL, pR)","XY坐标转换经纬度 Online Help XY 坐标转换经纬度 TransXYtoBL 函数 TransXYtoBL 函数 XY 坐标转换经纬度 SSProcess.TransXYtoBL(ke, x, y, pB, pL, pR) 参数 ke 带宽 x 需要转换的 X 坐标 y 需要转换的 Y "
425,2000系XY坐标转换经纬度,xy2000ToLongiLati,"SSProcess.xy2000ToLongiLati(lon0, x, y, pB, pL)","2000系XY坐标转换经纬度 Online Help 2000 系 XY 坐标转换经纬度 xy2000ToLongiLati 函数 xy2000ToLongiLati 函数 2000 系 XY 坐标转换经纬度 SSProcess.xy2000ToLongiLati(lon0, x, y, pB, p"
426,54系XY坐标转换经纬度,xy54ToLongiLati,"SSProcess.xy54ToLongiLati(lon0, x, y, pB, pL)","54系XY坐标转换经纬度 Online Help 54 系 XY 坐标转换经纬度 xy54ToLongiLati 函数 xy54ToLongiLati 函数 54 系 XY 坐标转换经纬度 SSProcess.xy54ToLongiLati(lon0, x, y, pB, pL) 参数 lon0 中"
427,80系XY坐标转换经纬度,xy80ToLongiLati,"SSProcess.xy80ToLongiLati(lon0, x, y, pB, pL)","80系XY坐标转换经纬度 Online Help 80 系 XY 坐标转换经纬度 xy80ToLongiLati 函数 xy80ToLongiLati 函数 80 系 XY 坐标转换经纬度 SSProcess.xy80ToLongiLati(lon0, x, y, pB, pL) 参数 lon0 中"
428,WGS84系XY坐标转换经纬度,xyWGS84ToLongiLati,"SSProcess.xyWGS84ToLongiLati(lon0, x, y, pB, pL)","WGS84系XY坐标转换经纬度 Online Help WGS84 系 XY 坐标转换经纬度 xyWGS84ToLongiLati 函数 xyWGS84ToLongiLati 函数 WGS84 系 XY 坐标转换经纬度 SSProcess.xyWGS84ToLongiLati(lon0, x, y,"
429,2000系XYZ坐标转换经纬度,xyz2000ToLongiLati,"SSProcess.xyz2000ToLongiLati (lon0, x, y, h, pB, pL, pH)","2000系XYZ坐标转换经纬度 Online Help 2000 系 XYZ 坐标转换经纬度 xyz2000ToLongiLati 函数 xyz2000ToLongiLati 函数 2000 系 XYZ 坐标转换经纬度 SSProcess.xyz2000ToLongiLati (lon0, x, y"
430,54系XYZ转换经纬度,xyz54ToLongiLati,"SSProcess.xyz54ToLongiLati (lon0, x, y, z, pB, pL, pH)","54系XYZ转换经纬度 Online Help 54 系 XYZ 转换经纬度 xyz54ToLongiLati 函数 xyz54ToLongiLati 函数 54 系 XYZ 转换经纬度 SSProcess.xyz54ToLongiLati (lon0, x, y, z, pB, pL, pH) 参"
431,80系XYZ坐标转换经纬度,xyz80ToLongiLati,"SSProcess.xyz80ToLongiLati (lon0, x, y, z, pB, pL, pH)","80系XYZ坐标转换经纬度 Online Help 80 系 XYZ 坐标转换经纬度 xyz80ToLongiLati 函数 xyz80ToLongiLati 函数 四参数坐标转换 SSProcess.xyz80ToLongiLati (lon0, x, y, z, pB, pL, pH) 参数 l"
432,WGS84系XYZ坐标转换经纬度,xyzWGS84ToLongiLati,"SSProcess.xyzWGS84ToLongiLati (lon0, x, y, z, pB, pL, pH)",WGS84系XYZ坐标转换经纬度 Online Help WGS84 系 XYZ 坐标转换经纬度 xyzWGS84ToLongiLati 函数 xyzWGS84ToLongiLati 函数 WGS84 系 XYZ 坐标转换经纬度 SSProcess.xyzWGS84ToLongiLati (lon0
433,数学函数,,,数学函数 Online Help 数学函数 数学函数 直线与线集求交 Cross_L 两线求交 Cross_P 求点到线段的垂距，垂足点及相对关系 DistPerpEnd 根据颜色值获取颜色号 GetColorIndex 根据颜色号获取颜色值 GetColorValue 判断多边形与多边形关系 Is
434,直线与线集求交,Cross_L,"SSProcess.Cross_L ( x1, y1, x2, y2, crossIDs )","直线与线集求交 Online Help 直线与线集求交 Cross_L 函数 Cross_L 函数 直线与线集求交。 SSProcess.Cross_L ( x1, y1, x2, y2, crossIDs ) 参数 x1 直线点 1 的 x 坐标 y1 直线点 1 的 y 坐标 x2 直线点 2 "
435,两线求交,Cross_P,"SSProcess.Cross_P ( resx, resy, xy11x, xy11y, xy12x, xy12y,xy21x, xy21y, xy22x, xy22y )","两线求交 Online Help 两线求交 Cross_P 函数 Cross_P 函数 两线求交。 SSProcess.Cross_P ( resx, resy, xy11x, xy11y, xy12x, xy12y,xy21x, xy21y, xy22x, xy22y ) 参数 resx 返回交点"
436,求点到线段的垂距，垂足点及相对关系,DistPerpend,"SSProcess.DistPerpend ( resx, resy, pResRelation, x, y, x1, y1, x2, y2 )","求点到线段的垂距，垂足点及相对关系 Online Help 求点到线段的垂距，垂足点及相对关系 DistPerpEnd 函数 DistPerpEnd 函数 求点到线段的垂距，垂足点及相对关系。 SSProcess.DistPerpend ( resx, resy, pResRelation, x, "
437,根据颜色值获取颜色号,GetColorIndex,SSProcess.GetColorIndex ( rgbColor ),根据颜色值获取颜色号 Online Help 根据颜色值获取颜色号 GetColorIndex 函数 GetColorIndex 函数 根据颜色值获取颜色号。 SSProcess.GetColorIndex ( rgbColor ) 参数 rgbColor 颜色值 返回对应的颜色号 说明 示例 Su
438,根据颜色号获取颜色值,GetColorValue,SSProcess.GetColorValue ( indexColor ),根据颜色号获取颜色值 Online Help 根据颜色号获取颜色值 GetColorValue 函数 GetColorValue 函数 根据颜色号获取颜色值。 SSProcess.GetColorValue ( indexColor ) 参数 indexColor 颜色序号 说明 根据颜色号获取颜色
439,判断多边形与多边形关系,IsPolygonInPolygon,"SSProcess.IsPolygonInPolygon ( polygonID1, polygonID2, limit )","判断多边形与多边形关系 Online Help 判断多边形与多边形关系 IsPolygonInPolygon 函数 IsPolygonInPolygon 函数 判断多边形与多边形关系。 SSProcess.IsPolygonInPolygon ( polygonID1, polygonID2, li"
440,判断线与多边形关系,IsPolylineInPolygon,"SSProcess.IsPolylineInPolygon ( lineID, polygonID, limit )","判断线与多边形关系 Online Help 判断线与多边形关系 IsPolylineInPolygon 函数 IsPolylineInPolygon 函数 判断线与多边形关系。 SSProcess.IsPolylineInPolygon ( lineID, polygonID, limit ) 参数"
441,判断点与多边形关系,IsPtInPoly,"SSProcess.IsPtInPoly ( x, y, polygonID, limit )","判断点与多边形关系 Online Help 判断点与多边形关系 IsPtInPoly 函数 IsPtInPoly 函数 判断点与多边形关系。 SSProcess.IsPtInPoly ( x, y, polygonID, limit ) 参数 x 点的 X 坐标 y 点的 Y 坐标 polygonI"
442,判断点与线关系,IsPtOnLine,"SSProcess.IsPtOnLine ( x, y, lineID, limit )","判断点与线关系 Online Help 判断点与线关系 IsPtOnLine 函数 IsPtOnLine 函数 判断点与线关系。 SSProcess.IsPtOnLine ( x, y, lineID, limit ) 参数 x 点的 X 坐标 y 点的 y 坐标 lineID 线对象的 ID 号 "
443,求垂足点,Perpend_P,"SSProcess.Perpend_P ( resx, resy, xyx, xyy, xy1x, xy1y,xy2x, xy2y )","求垂足点 Online Help 求垂足点 PerpEnd_P 函数 PerpEnd_P 函数 求垂足点。 SSProcess.Perpend_P ( resx, resy, xyx, xyy, xy1x, xy1y,xy2x, xy2y ) 参数 resx 生成垂足点的 X 坐标 resy 生成垂"
444,系统设置函数,,,系统设置函数 Online Help 系统设置函数 系统设置函数 关闭脚本运行对话框 CloseScriptDlg 获取当前光标状态 GetCursorStatus 设置当前光标状态 SetCursorStatus 显示脚本运行对话框 ShowScriptDlg 显示自定义脚本运行对话框 ShowS
445,关闭脚本运行对话框,CloseScriptDlg,SSProcess.CloseScriptDlg(),关闭脚本运行对话框 Online Help 关闭脚本运行对话框 CloseScriptDlg 函数 CloseScriptDlg 函数 关闭脚本运行对话框。 SSProcess.CloseScriptDlg() 参数 说明 该函数用于关闭脚本运行对话框。 示例 Sub OnInitScript ()
446,获取当前光标状态,GetCursorStatus,SSProcess.GetCursorStatus(),获取当前光标状态 Online Help 获取当前光标状态 GetCursorStatus 函数 GetCursorStatus 函数 获取当前光标状态。 SSProcess.GetCursorStatus() 参数 说明 使用此函数可以判断当前光标的状态，如果光标为选择状态则返回值为 0 ，如果光
447,设置当前光标状态,SetCursorStatus,SSProcess.SetCursorStatus (status),"设置当前光标状态 Online Help 设置当前光标状态 SetCursorStatus 函数 SetCursorStatus 函数 设置当前光标状态。 SSProcess.SetCursorStatus (status) 参数 status 光标状态，取值为 0,1,2,3,4,5,6,7 说明"
448,显示脚本运行对话框,ShowScriptDlg,"SSProcess.ShowScriptDlg (mode, title)","显示脚本运行对话框 Online Help 显示脚本运行对话框 ShowScriptDlg 函数 ShowScriptDlg 函数 显示脚本运行对话框。 SSProcess.ShowScriptDlg (mode, title) 参数 mode 对话框模式； 0 无参数对话框， 1 有参数对话框 t"
449,显示自定义脚本运行对话框,ShowScriptUserDefDlg,"SSProcess.ShowScriptUserDefDlg(title, dlgTemplateName, dlgWidth, dlgHeight, colCount, titleWidth, valueWidth)","显示自定义脚本运行对话框 Online Help 显示自定义脚本运行对话框 ShowScriptUserDefDlg 函数 ShowScriptUserDefDlg 函数 显示自定义脚本运行对话框 。 SSProcess.ShowScriptUserDefDlg(title, dlgTemplate"
450,更新脚本运行对话框参数,UpdateScriptDlgParameter,SSProcess.UpdateScriptDlgParameter (mode),更新脚本运行对话框参数 Online Help 更新脚本运行对话框参数 UpdateScriptDlgParameter 函数 UpdateScriptDlgParameter 函数 更新脚本运行对话框参数。 SSProcess.UpdateScriptDlgParameter (mode) 参数 
451,系统函数,,,系统函数 Online Help 系统函数 系统函数 获取当前时间 GetCurrentTime1 弹出选择菜单 ShowSelectMenu 弹出分级选择菜单 ShowSelectMenu1 休眠指定时间 Sleep
452,获取当前时间,GetCurrentTime1,SSProcess.GetCurrentTime1(),获取当前时间 Online Help 获取当前时间 GetCurrentTime1 函数 GetCurrentTime1 函数 获取当前时间。 SSProcess.GetCurrentTime1() 参数 说明 执行该函数，将获取当前时间 示例 Sub Onclick() my_time = 100
453,弹出选择菜单,ShowSelectMenu,SSProcess.ShowSelectMenu(selParameters ),"弹出选择菜单 Online Help 弹出选择菜单 ShowSelectMenu 函数 ShowSelectMenu 函数 弹出选择菜单。 SSProcess.ShowSelectMenu(selParameters ) 参数 selParameters 选择菜单列表，多个参数之间用“ , ”分割 "
454,弹出分级选择菜单,ShowSelectMenu1,"SSProcess.ShowSelectMenu1( title, selParameters, color1, color2)","弹出分级选择菜单 Online Help 弹出分级选择菜单 ShowSelectMenu1 函数 ShowSelectMenu1 函数 获取当前时间。 SSProcess.ShowSelectMenu1( title, selParameters, color1, color2) 参数 title "
455,休眠指定时间,Sleep,SSProcess.Sleep(milliseconds),休眠指定时间 Online Help 休眠指定时间 Sleep 函数 Sleep 函数 休眠指定时间。 SSProcess.Sleep(milliseconds) 参数 milliseconds 休眠的时间，单位为毫秒 说明 执行该函数，将当前执行挂起一定时间。 注意：该函数的参数 millisec
456,Function对象参考,,,Function对象参考 Online Help Function 对象参考 Function 对象参考 系统消息函数
457,系统消息函数,,,系统消息函数 Online Help 系统消息函数 系统消息函数 引用外部脚本 #incluede 输出外部数据之前 BeforeExportData 导入外部数据存库之前 BeforeSaveImportData 编辑功能快捷键消息 LineProcess 有模脚本入口函数 OnClick 上下文
458,引用外部脚本,,,引用外部脚本 Online Help 引用外部脚本 #incluede 函数 #inclued 函数 引用外部脚本。 #inclued 函数 参数 说明 示例 用 VBScript 建立脚本“ msgbox.vbs ”，存放在“ PDB 出入库”的脚本组中；另建立脚本“输入输出 .vbs ”，脚本代
459,输出外部数据之前,GetSelGeoCount,SSProcess.GetSelGeoPointCount (i),输出外部数据之前 Online Help 输出外部数据之前 BeforeExportData 函数 BeforeExportData 函数 写入外部数据之前。 BeforeExportData() 参数 说明 在输出外部数据之前调用该函数对数据进行处理后再输出。 示例 输出 ArcGIS 的 MDB
460,导入外部数据存库之前,GetSelGeoCount,SSProcess.GetSelGeoPointCount (i),导入外部数据存库之前 Online Help 导入外部数据存库之前 BeforeSaveImportData 函数 BeforeSaveImportData 函数 导入外部数据存库之前。 BeforeSaveImportData() 参数 说明 示例 经纬度 ArcGIS 的 MDB 格式数据导入，
461,编辑功能快捷键消息,SetCursorStatus,SSProcess.SetCursorStatus,编辑功能快捷键消息 Online Help 编辑功能快捷键消息 LineProcess 函数 LineProcess 函数 编辑功能快捷键消息。 LineProcess( nFlags ) 参数 nFlags 快捷键标识 说明 通过该函数可定义用户按下相应快捷键时，做出何种相应。 示例 colorc
462,有模脚本入口函数,,,有模脚本入口函数 Online Help 有模脚本入口函数 OnClick 函数 OnClick 函数 有模脚本入口函数。 OnClick() 参数 说明 示例
463,上下文菜单消息,,,"上下文菜单消息 Online Help 上下文菜单消息 OnContextMenu 函数 OnContextMenu 函数 上下文菜单消息。 OnContextMenu( x,y ) 参数 x y 说明"
464,系统绘画消息,,,系统绘画消息 Online Help 系统绘画消息 OnDraw 函数 OnDraw 函数 系统绘画消息。 OnDraw( pdc ) 参数 pdc 屏幕指针 说明
465,无模脚本出口函数,ClearInputParameter,SSProcess.ClearInputParameter,无模脚本出口函数 Online Help 无模脚本出口函数 OnExitScript 函数 OnExitScript 函数 无模脚本出口函数。 OnExitScript() 参数 说明 此函数通常与入口函数成对出现，可在函数内设置退出对话框时触发的动作，如：清空所填参数、弹出对话框等操作。 示例 退
466,表格控件行列值改变消息,,,"表格控件行列值改变消息 Online Help 表格控件行列值改变消息 OnGridItemChanged 函数 OnGridItemChanged 函数 表格控件行列值改变消息。 OnGridItemChanged(row,col) 参数 Row 行 col 列 说明"
467,表格控件双击消息,,,表格控件双击消息 Online Help 表格控件双击消息 OnGridItemDbClick 函数 OnGridItemDbClick 函数 表格控件双击消息。 OnGridItemDbClick(row) 参数 row 说明
468,表格控件选择行改变消息,,,表格控件选择行改变消息 Online Help 表格控件选择行改变消息 OnGridSelChanged 函数 OnGridSelChanged 函数 表格控件选择行改变消息。 OnGridSelChanged(row) 参数 Row 行 说明
469,无模脚本入口函数,ClearInputParameter,SSProcess.ClearInputParameter,无模脚本入口函数 Online Help 无模脚本入口函数 OnInitScript 函数 OnInitScript 函数 无模脚本入口函数。 OnInitScript() 参数 mode 有无参数对话框， =1 有参数对话框； =0 无参数对话框 title 参数 对话框名称。 说明 此函数通常位
470,键盘按键击下消息,SetCursorStatus,SSProcess.SetCursorStatus,"键盘按键击下消息 Online Help 键盘按键击下消息 OnKeyDown 函数 OnKeyDown 函数 键盘按键击下消息。 OnKeyDownn(nChar, nRepCnt, nFlags) 参数 nChar 键盘的字符码值 nRepCnt 击键的次数 nFlags 包含扫描码，转换码等 "
471,键盘按键抬起消息,SetCursorStatus,SSProcess.SetCursorStatus,"键盘按键抬起消息 Online Help 键盘按键抬起消息 OnKeyUp 函数 OnKeyUp 函数 键盘按键抬起消息。 OnKeyUp(nChar, nRepCnt, nFlags) 参数 nChar 键盘的字符码值 nRepCnt 击键的次数 nFlags 包含扫描码，转换码等： nFlags"
472,鼠标左键双击消息,,,"鼠标左键双击消息 Online Help 鼠标左键双击消息 OnLButtonDblClk 函数 OnLButtonDblClk 函数 鼠标左键双击消息。 OnLButtonDblClk(x, y, spx, spy, flags) 参数 x 返回屏幕横坐标 y 返回屏幕纵坐标 spx 返回实际的空"
473,鼠标左键击下消息,SetCursorStatus,SSProcess.SetCursorStatus,"鼠标左键击下消息 Online Help 鼠标左键击下消息 OnLButtonDown 函数 OnLButtonDown 函数 鼠标左键击下消息。 OnLButtonDown(x, y, spx, spy, flags) 参数 x 返回屏幕横坐标 y 返回屏幕纵坐标 spx 返回实际的空间横坐标 s"
474,鼠标左键抬起消息,SetCursorStatus,SSProcess.SetCursorStatus,"鼠标左键抬起消息 Online Help 鼠标左键抬起消息 OnLButtonUp 函数 OnLButtonUp 函数 鼠标左键抬起消息。 OnLButtonUp(x, y, spx , spy, flags) 参数 x 返回屏幕横坐标 y 返回屏幕纵坐标 spx 返回实际的空间横坐标 spy 返回"
475,鼠标中键击下消息,SetCursorStatus,SSProcess.SetCursorStatus,"鼠标中键击下消息 Online Help 鼠标中键击下消息 OnMButtonDown 函数 OnMButtonDown 函数 鼠标中键击下消息。 OnMButtonDown(x, y, spx, spy, flags) 参数 x 返回屏幕横坐标 y 返回屏幕纵坐标 spx 返回实际的空间横坐标 s"
476,鼠标中键抬起消息,,,"鼠标中键抬起消息 Online Help 鼠标中键抬起消息 OnMButtonUp 函数 OnMButtonUp 函数 鼠标中键抬起消息。 OnMButtonUp(x, y, spx, spy, flags) 参数 x 返回屏幕横坐标 y 返回屏幕纵坐标 spx 返回实际的空间横坐标 spy 返回实"
477,鼠标移动消息,ShowScriptDlg,SSProcess.ShowScriptDlg,"鼠标移动消息 Online Help 鼠标移动消息 OnMouseMove 函数 OnMouseMove 函数 鼠标移动消息。 OnMouseMove(x, y, spx, spy, flags) 参数 x 返回屏幕横坐标 y 返回屏幕纵坐标 spx 返回实际的空间横坐标 spy 返回实际的空间纵坐"
478,鼠标滚轮消息,ShowScriptDlg,SSProcess.ShowScriptDlg,"鼠标滚轮消息 Online Help 鼠标滚轮消息 OnMouseWheel 函数 OnMouseWheel 函数 鼠标滚轮消息。 OnMouseWheel(x, y, spx, spy, flags, zDelta) 参数 x 屏幕横坐标 y 屏幕纵坐标 spx 实际横坐标 spy 实际纵坐标 f"
479,点击对话框确定键消息,ShowScriptDlg,SSProcess.ShowScriptDlg,点击对话框确定键消息 Online Help 点击对话框确定键消息 OnOK 函数 OnOK 函数 点击对话框确定键消息。 OnOK() 参数 说明 响应点击对话框确定键消息 示例 Sub OnInitScript() mode = 0 ‘=0 无参数对话框 =1 有参数对话框 title= &qu
480,参数设置消息,,,参数设置消息 Online Help 参数设置消息 OnParameterSetup 函数 OnParameterSetup 函数 参数设置消息。 OnParameterSetup() 参数 说明
481,参数发生改变,,,参数发生改变 Online Help 参数发生改变 OnPropertyChanged 函数 OnPropertyChanged 函数 参数发生改变。 OnPropertyChanged() 参数 说明
482,鼠标右键双击消息,,,"鼠标右键双击消息 Online Help 鼠标右键双击消息 OnRButtonDblClk 函数 OnRButtonDblClk 函数 鼠标右键双击消息。 OnRButtonDblClk(x, y, spx, spy, flags) 参数 x 返回屏幕横坐标 y 返回屏幕纵坐标 spx 返回实际的空"
483,鼠标右键击下消息,SetCursorStatus,SSProcess.SetCursorStatus,"鼠标右键击下消息 Online Help 鼠标右键击下消息 OnRButtonDown 函数 OnRButtonDown 函数 鼠标右键击下消息。 OnRButtonDown(x, y, spx, spy, flags) 参数 x 返回屏幕横坐标 y 返回屏幕纵坐标 spx 返回实际的空间横坐标 s"
484,鼠标右键抬起消息,SetCursorStatus,SSProcess.SetCursorStatus,"鼠标右键抬起消息 Online Help 鼠标右键抬起消息 OnRButtonUp 函数 OnRButtonUp 函数 鼠标右键抬起消息。 OnRButtonUp(X,Y,Spx,Spy,Flags) 参数 X 返回的屏幕 X 坐标 Y 返回的屏幕 Y 坐标 Spx 返回当前鼠标点位置数据 X 坐标"
485,选择集对象改变消息,ShowScriptDlg,SSProcess.ShowScriptDlg,选择集对象改变消息 Online Help 选择集对象改变消息 OnSelectionChange 函数 OnSelectionChange 函数 选择集对象改变消息。 OnSelectionChange() 参数 说明 在无模脚本中，加入此函数，当选择集对象发生变化时自动进入此函数。 示例 当选择
486,响应定时器,ShowScriptDlg,SSProcess.ShowScriptDlg,响应定时器 Online Help 响应定时器 OnTimer 函数 OnTimer 函数 响应定时器。 OnTimer( nIDEvent ) 参数 nIDEvent 定时器标示 说明 使用此函数将执行定时器 示例 包含执行定时器。 Sub OnInitScript() Mode = 0 titl
487,运行外部脚本,,,"运行外部脚本 Online Help 运行外部脚本 RunScript 函数 RunScript 函数 运行外部脚本。 RunScript (language, scriptGroup, scriptName) 参数 language 语言名称 scriptGroup 脚本分组名称 scriptNa"
488,SSView对象参考,,,SSView对象参考 Online Help SSView 对象参考 SSView 对象参考 屏幕绘制函数
489,屏幕绘制函数,,,屏幕绘制函数 Online Help 屏幕绘制函数 屏幕绘制函数 画 3 维线 Draw3DLine 画圆弧 DrawArc 画圆 DrawCircle 画图片 DrawImage pDc 画线 DrawLine 绘指定对象 DrawObj 画点 DrawPoint 画多边形 DrawPolygon
490,画3维线,ShowScriptDlg,SSProcess.ShowScriptDlg,"画3维线 Online Help 画 3 维线 Draw3DLine 函数 Draw3DLine 函数 画三维线。 SSView.Draw3DLine(pDc,x0,y0 ,z0,x1 ,y1,z1 ,color, width,linestyle) 参数 pDc 指定的窗口 DC x0 绘制线段的第"
491,画圆弧,ShowScriptDlg,SSProcess.ShowScriptDlg,"画圆弧 Online Help 画圆弧 DrawArc 函数 DrawArc 函数 画圆弧。 SSView.DrawArc(pDc,x0,y0 ,x1,y1 ,x2,y2 ,color, width,linestyle) 参数 pDc 指定的窗口 DC x0 绘制圆弧的第一点 X 坐标 y0 绘制圆"
492,画圆,ShowScriptDlg,SSProcess.ShowScriptDlg,"画圆 Online Help 画圆 DrawCircle 函数 DrawCircle 函数 画圆。 SSView.DrawCircle(pDc ,x0,y0 ,x1,y1 ,x2,y2 ,color, width,linestyle) 参数 pDc 指定的窗口 DC x0 绘制圆的第一点 X 坐标 "
493,画图片,ShowScriptDlg,SSProcess.ShowScriptDlg,"画图片 Online Help 画图片 DrawImage 函数 DrawImage 函数 画图片。 SSView.DrawImage(pDc,imgType,imgName ,minX, minY,maxX,maxY,width ,height, drawToBk) 参数 pDc 指定的窗口 DC"
494,画线,SetCursorStatus,SSProcess.SetCursorStatus,"画线 Online Help 画线 DrawLine 函数 DrawLine 函数 画线。 SSView.DrawLine(pDc, x0, y0, x1, y1, color, width, linestyle) 参数 pDc 窗口标识（使用时无需修改默认即可） x0 起点的横坐标（屏幕坐标） y"
495,绘指定对象,,,"绘指定对象 Online Help 绘指定对象 DrawObj 函数 DrawObj 函数 绘指定对象。 SSView.DrawObj(pDc, handle) 参数 pDc 窗口标识（使用时无需修改默认即可） handle 对象句柄 说明 该函数为屏幕绘图函数，用于在屏幕上绘制指定对象。"
496,画点,SetCursorStatus,SSProcess.SetCursorStatus,"画点 Online Help 画点 DrawPoint 函数 DrawPoint 函数 画点。 SSView.DrawPoint(pDc, x, y, color, width) 参数 pDc 窗口标识（使用时无需修改默认即可） x 点的横坐标（屏幕坐标） y 点的纵坐标（屏幕坐标） color 线"
497,画多边形,SetCursorStatus,SSProcess.SetCursorStatus,"画多边形 Online Help 画多边形 DrawPolygon 函数 DrawPolygon 函数 画多边形。 SSView.DrawPolygon(pDc, pointStrings, linecolor, linewidth, linestyle, fillcolor, fillstyle)"
498,画多点线,SetCursorStatus,SSProcess.SetCursorStatus,"画多点线 Online Help 画多点线 DrawPolyline 函数 DrawPolyline 函数 画多点线。 SSView.DrawPolyline(pDc, pointStrings, color, width, linestyle) 参数 pDc 窗口标识（使用时无需修改默认即可） p"
499,动态属性标注,SetCursorStatus,SSProcess.GetSDLRuntimeCmdID( &quot; 管线专用辅助功能 \ 管线点号标注 .vbs&quot; ),"动态属性标注 Online Help 动态属性标注 DrawRuntimeObjAttrInfo 函数 DrawRuntimeObjAttrInfo 函数 动态属性标注。 SSView.DrawRuntimeObjAttrInfo(pDC, hObjList, offsetX, offsetY, s"
500,画文本,PasteBackgroundImage,SSProcess.PasteBackgroundImage,"画文本 Online Help 画文本 DrawText 函数 DrawText 函数 画文本。 SSView.DrawText(pDc, x, y, text, alignment, font, color, width, height, stringangle, wordangle, itali"
501,获取图形窗口实地范围,,,"获取图形窗口实地范围 Online Help 获取图形窗口实地范围 GetClientArea 函数 GetClientArea 函数 获取图形窗口实地范围。 SSView.GetClientArea(minX, minY, maxX, maxY) 参数 minX 图形窗口最小 X 坐标 minY "
502,获取图形窗口屏幕范围,ClearInputParameter,SSProcess.ClearInputParameter,"获取图形窗口屏幕范围 Online Help 获取图形窗口屏幕范围 GetClientRect 函数 GetClientRect 函数 获取图形窗口屏幕范围。 SSView.GetClientRect(l, t, r, b) 参数 l （ lift ）窗口范围参数 : 屏幕显示区域尺寸，左侧值，通常"
503,获取按键状态,,,获取按键状态 Online Help 获取按键状态 GetKeyState 函数 GetKeyState 函数 获取按键状态。 SSView.GetKeyState(virtKey) 参数 virtKey 键盘键值 说明 获取键盘状态，需要将 16 进制通过计算机转换成 10 进制 示例 键盘 F1
504,图纸上0.1毫米代表的屏幕上的像素,,,图纸上0.1毫米代表的屏幕上的像素 Online Help 图纸上 0.1 毫米代表的屏幕上的像素 GetMCtoCC 函数 GetMCtoCC 函数 写入外部数据之前。 SSView.GetMCtoCC() 参数 说明 示例 Sub OnClick() ' 图纸上 0.1 毫米代表的屏幕上的像素 
505,获取当前屏幕每毫米对应实地米数,,,获取当前屏幕每毫米对应实地米数 Online Help 获取当前屏幕每毫米对应实地米数 GetMMtoME 函数 GetMMtoME 函数 获取当前屏幕每毫米对应实地米数。 SSView.GetMMtoME() 参数 说明 示例 Sub OnClick() ' 获取当前屏幕每毫米对应实地米数 mm 
506,复制当前屏幕到剪切板,,,复制当前屏幕到剪切板 Online Help 复制当前屏幕到剪切板 MakeBackgroundImage 函数 MakeBackgroundImage 函数 复制当前屏幕到剪切板。 SSView.MakeBackgroundImage() 参数 说明 该函数用于复制当前屏幕到剪粘板。
507,移动屏幕到指定位置,,,"移动屏幕到指定位置 Online Help 移动屏幕到指定位置 MoveScreenByPoint 函数 MoveScreenByPoint 函数 移动屏幕到指定位置。 SSView.MoveScreenByPoint(x, y, redraw) 参数 x 设置需移动屏幕到指定位置的 X 坐标 y "
508,拷贝剪切板内容到当前屏幕,,,拷贝剪切板内容到当前屏幕 Online Help 拷贝剪切板内容到当前屏幕 PasteBackgroundImage 函数 PasteBackgroundImage 函数 拷贝剪切板内容到当前屏幕。 SSView.PasteBackgroundImage() 参数 说明 该函数用于拷贝剪粘板内容到当
509,设置线笔宽,SetCursorStatus,SSProcess.SetCursorStatus,设置线笔宽 Online Help 设置线笔宽 SetPenWidth 函数 SetPenWidth 函数 写入外部数据之前。 SSView.SetPenWidth(dWidth) 参数 dWidth 设置屏幕绘制时的线笔宽度 说明 该函数用于设置屏幕绘制时的线笔宽度。 示例 Dim arX( 10
510,设置点笔宽,,,设置点笔宽 Online Help 设置点笔宽 SetPointSize 函数 SetPointSize 函数 设置点笔宽。 SSView.SetPointSize(dSize) 参数 dSize 点笔宽像素 说明 使用此函数将指定绘制点的大小。 示例 设置点笔宽： Sub OnClick() SS
511,设置绘图异或方式,ShowScriptDlg,SSProcess.ShowScriptDlg,设置绘图异或方式 Online Help 设置绘图异或方式 SetROP2 函数 SetROP2 函数 设置绘图异或方式。 SSView.SetROP2(nLogicop) 参数 nLogicop 说明 该函数用于设定当前绘图前景色的混合模式。 示例 scroll = 1 Sub OnInitScr
512,缩放屏幕到指定范围,RefreshView,SSProcess.RefreshView,"缩放屏幕到指定范围 Online Help 缩放屏幕到指定范围 ZoomExtend 函数 ZoomExtend 函数 缩放屏幕到指定范围。 SSView.ZoomExtend(xMin,yMin,xMax ,yMax, redraw) 参数 xMin 最小 X 坐标 yMin 最小 Y 坐标 xM"
513,SSArray对象参考,,,SSArray对象参考 Online Help SSArray 对象参考 SSArray 对象参考 数组函数
514,数组函数,,,数组函数 Online Help 数组函数 数组函数 追加数组元素 Append hArrayDest 删除数组 Close arrayType 拷贝数组元素 Copy hArrayDest 创建数组 Create arrayType 根据类型与名称获取数组句柄 GetHandle arrayTyp
515,追加数组元素,,,"追加数组元素 Online Help 追加数组元素 Append 函数 Append 函数 追加数组元素。 SSArray.Append(hArrayDest, hArraySrc) 参数 hArrayDest hArraySrc 说明"
516,删除数组,SetSelectConditionGroup,SSProcess.SetSelectConditionGroup,删除数组 Online Help 删除数组 Close 函数 Close 函数 删除数组。 SSArray.Close (arrayType) 参数 arrayType 数值类型 说明 示例 Function OnDraw( pDc ) gxPoints = SSArray.Create( &quo
517,拷贝数组元素,,,"拷贝数组元素 Online Help 拷贝数组元素 Copy 函数 Copy 函数 拷贝数组元素。 SSArray.Copy (hArrayDest, hArraySrc) 参数 hArrayDest hArraySrc 说明"
518,创建数组元素,,,"创建数组元素 Online Help 创建数组元素 Create 函数 Create 函数 创建数组。 SSArray.Create (arrayType, arrayName) 参数 arrayType 数值类型 arrayName 数组名称 说明"
519,根据类型与名称获取数组句柄,,,"根据类型与名称获取数组句柄 Online Help 根据类型与名称获取数组句柄 GetHandle 函数 GetHandle 函数 获取数组句柄。 SSArray.GetHandle(arrayType, arrayName) 参数 arrayType 数组类型 arrayName 数组名称 说明"
520,获取数组中元素数量,,,获取数组中元素数量 Online Help 获取数组中元素数量 GetSize 函数 GetSize 函数 获取数组中元素数量。 SSArray.GetSize(hArray) 参数 hArray 说明
521,数组排序,,,"数组排序 Online Help 数组排序 Order 函数 Order 函数 数组排序。 SSArray.Order(hArray, bIncrease) 参数 hArray bIncrease 说明"
522,数组元素反序,,,数组元素反序 Online Help 数组元素反序 Reverse 函数 Reverse 函数 数组元素反序。 SSArray.Reverse(hArray) 参数 hArray 说明
523,设置数组中元素数量,,,"设置数组中元素数量 Online Help 设置数组中元素数量 SetSize 函数 SetSize 函数 设置数组中元素数量。 SSArray.SetSize(hArray, nSize, nGrow) 参数 hArray 数组名 nSize nGrow 说明"
524,数组按值排序,,,"数组按值排序 Online Help 数组按值排序 SortByValue 函数 SortByValue 函数 数组按值排序。 SSArray.SortByValue(hArrayValues, hArrayKeys, bIncrease) 参数 hArrayValues hArrayKeys bI"
525,SSParmeter对象参考,,,SSParmeter对象参考 Online Help SSParmeter 对象参考 SSParmeter 对象参考 共享参数函数
526,共享参数函数,,,共享参数函数 Online Help 共享参数函数 共享参数函数 获取日期型参数 GetParameterDATE 获取浮点型参数 GetParameterDBL 获取整型参数 GetParameterINT 获取字符型参数 GetParameterSTR 获取指针型参数 GetParameterV
527,获取日期型参数,,,"获取日期型参数 Online Help 获取日期型参数 GetParameterDATE 函数 GetParameterDATE 函数 获取日期型参数。 SSParameter.GetParameterDATE(strSection, strKeyName, defaultValut, keyVal"
528,获取浮点型参数,,,"获取浮点型参数 Online Help 获取浮点型参数 GetParameterDBL 函数 GetParameterDBL 函数 获取浮点型参数。 SSParameter.GetParameterDBL(strSection, strKeyName, defaultValut, keyValue)"
529,获取整型参数,GetObjectAttr,"SSProcess.GetObjectAttr (noteID, &quot;SSObj_FontClass&quot; )","获取整型参数 Online Help 获取整型参数 GetParameterINT 函数 GetParameterINT 函数 获取整型参数。 SSParameter.GetParameterINT(strSection, strKeyName, defaultValut, keyValue) 参数"
530,获取字符型参数,GetObjectAttr,"SSProcess.GetObjectAttr (geoID, &quot;[ 房屋层数 ]&quot; )","获取字符型参数 Online Help 获取字符型参数 GetParameterSTR 函数 GetParameterSTR 函数 获取字符型参数。 SSParameter.GetParameterSTR(strSection, strKeyName, defaultValut, keyValue)"
531,获取指针型参数,,,"获取指针型参数 Online Help 获取指针型参数 GetParameterVOID 函数 GetParameterVOID 函数 获取指针型参数。 SSParameter.GetParameterVOID(strSection, strKeyName, keyValue) 参数 strSect"
532,删除参数,,,"删除参数 Online Help 删除参数 RemoveParameter 函数 RemoveParameter 函数 删除参数。 SSParameter.RemoveParameter(strSection, strKeyName) 参数 strSection 组名 strKeyName 约定的关"
533,设置日期型参数,,,"设置日期型参数 Online Help 设置日期型参数 SetParameterDATE 函数 SetParameterDATE 函数 设置日期型参数。 SSParameter.SetParameterDATE(strSection, strKeyName, keyValue) 参数 strSect"
534,设置浮点型参数,,,"设置浮点型参数 Online Help 设置浮点型参数 SetParameterDBL 函数 SetParameterDBL 函数 设置浮点型参数。 SSParameter.SetParameterDBL(strSection, strKeyName, keyValue) 参数 strSection"
535,设置整型参数,GetProjectFileName,"SSProcess.GetAccessRecordCount(edbname ,sql)","设置整型参数 Online Help 设置整型参数 SetParameterINT 函数 SetParameterINT 函数 设置整型参数。 SSParameter.SetParameterINT(strSection, strKeyName, keyValue) 参数 strSection 组名"
536,设置字符型参数,,,"设置字符型参数 Online Help 设置字符型参数 SetParameterSTR 函数 SetParameterSTR 函数 设置字符型参数。 SSParameter.SetParameterSTR(strSection, strKeyName, keyValue) 参数 strSection"
537,设置指针型参数,,,"设置指针型参数 Online Help 设置指针型参数 SetParameterVOID 函数 SetParameterVOID 函数 设置指针型参数。 SSParameter.SetParameterVOID(strSection, strKeyName, keyValue) 参数 strSect"
538,SSFunc对象参考,,,SSFunc对象参考 Online Help SSFunc 对象参考 SSFunc 对象参考 扩展函数库
539,扩展函数库,,,扩展函数库 Online Help 扩展函数库 扩展函数库 字符转双精度型，自动处理非法数据 atof 字符转整型，自动处理非法数据 atol 自动延伸裁剪 AutoTrimExtend 关闭 LOG 文件 CloseLogFile 根据选择集生成图例 CreateLegend 折线与折现集求交 C
540,字符转双精度型，自动处理非法数据,,,字符转双精度型，自动处理非法数据 Online Help 字符转双精度型，自动处理非法数据 atof 函数 atof 函数 字符转双精度型。 SSFunc.atof (str) 参数 str 需转换的字符 说明 该函数用于字符转双精度类型，自动处理非法数据。 示例 Sub OnClick() str
541,字符转整型，自动处理非法数据,,,字符转整型，自动处理非法数据 Online Help 字符转整型，自动处理非法数据 atol 函数 atol 函数 字符转整型，自动处理非法数据。 SSFunc.atol (str) 参数 str 字符串 说明 该函数将字符型转整型，自动处理非法数据。 示例 Sub OnClick() strEmp
542,自动延伸裁剪,PushUndoMark,SSProcess.PushUndoMark,"自动延伸裁剪 Online Help 自动延伸裁剪 AutoTrimExtend 函数 AutoTrimExtend 函数 自动延伸裁剪。 SSFunc.AutoTrimExtend(strTargetCode, strBorderCode, strParameters) 参数 strTargetC"
543,关闭LOG文件,GetProjectFileName,SSProcess.GetProjectFileName,"关闭LOG文件 Online Help 关闭 LOG 文件 CloseLogFile 函数 CloseLogFile 函数 关闭 LOG 文件。 SSFunc.CloseLogFile(strFile, strPostfix, nShowLogFile) 参数 strFile 设置 LOG 文件的路"
544,根据选择集生成图例,,,"根据选择集生成图例 Online Help 根据选择集生成图例 CreateLegend 函数 CreateLegend 函数 根据选择集生成图例。 SSFunc.CreateLegend(strSchemeName, dbX, dbY) 参数 strSchemeName 方案名称 dbX 生成图例"
545,折线与折线集求交,,,"折线与折线集求交 Online Help 折线与折线集求交 CrossLines 函数 CrossLines 函数 折线与折线集求交。 SSFunc.CrossLines(strIdOrXY, strNearIds, xArray, yArray, idArray) 参数 说明"
546,地物指针列表操作,,,"地物指针列表操作 Online Help 地物指针列表操作 DealObjectHander 函数 DealObjectHander 函数 地物指针列表操作。 SSFunc.DealObjectHander(vArrayObj, nCount, strMethod, strParameters) 参"
547,岛面删除,ClearSelection,"SSProcess.GetSelGeoValue (i , &quot;SSObj_ID&quot; )","岛面删除 Online Help 岛面删除 DeleteIsLand 函数 DeleteIsLand 函数 岛面删除。 SSFunc.DeleteIsLand(hObj, bIsObjHander, strParameters) 参数 hObj 地物 ID bIsObjHander strParam"
548,EXCEL操作，关闭EXCEL文件,,,"EXCEL操作，关闭EXCEL文件 Online Help EXCEL 操作，关闭 EXCEL 文件 ExcelClose 函数 ExcelClose 函数 EXCEL 操作，关闭 EXCEL 文件。 SSFunc.ExcelClose(strFile, strSheet) 参数 strFile E"
549,EXCEL操作，获取EXCEL记录,,,"EXCEL操作，获取EXCEL记录 Online Help EXCEL 操作，获取 EXCEL 记录 ExcelGetRecord 函数 ExcelGetRecord 函数 EXCEL 操作，获取 EXCEL 记录。 SSFunc.ExcelGetRecord(strFields, strSepar"
550,EXCEL操作，获取EXCEL总行数,,,EXCEL操作，获取EXCEL总行数 Online Help EXCEL 操作，获取 EXCEL 总行数 ExcelGetTotalRow 函数 ExcelGetTotalRow 函数 EXCEL 操作，获取 EXCEL 总行数。 SSFunc.ExcelGetTotalRow() 参数 返回值 E
551,EXCEL操作，打开EXCEL文件,,,"EXCEL操作，打开EXCEL文件 Online Help EXCEL 操作，打开 EXCEL 文件 ExcelOpen 函数 ExcelOpen 函数 EXCEL 操作，打开 EXCEL 文件。 SSFunc.ExcelOpen(strFile, strSheet) 参数 strFile Exce"
552,EXCEL操作，选择EXCEL文件,,,EXCEL操作，选择EXCEL文件 Online Help EXCEL 操作，选择 EXCEL 文件 ExcelSelectFile 函数 ExcelSelectFile 函数 EXCEL 操作，选择 EXCEL 文件。 SSFunc.ExcelSelectFile(strFile) 参数 arFi
553,点列中是否有指定标记的点,,,"点列中是否有指定标记的点 Online Help 点列中是否有指定标记的点 GetAverageWidth 函数 GetAverageWidth 函数 点列中是否有指定标记的点。 SSFunc.GetAverageWidth(hObj, bIsObjHander, dbReturnLength) 参"
554,获取二进制位的值,,,"获取二进制位的值 Online Help 获取二进制位的值 GetBinaryBitValue 函数 GetBinaryBitValue 函数 获取二进制位的值。 SSFunc.GetBinaryBitValue(nData, nBit) 参数 nData nBit 说明 获取二进制位的值。"
555,获取汉字数字,,,获取汉字数字 Online Help 获取汉字数字 GetChineseDigit 函数 GetChineseDigit 函数 获取汉字数字。 SSFunc.GetChineseDigit(nDigit) 参数 nDigit 要获取汉字的数字 ( 取值范围为 0-999) 说明 使用此函数获取数字的
556,通过ObjectName获取编码,ClearSelection,"SSProcess.GetSelGeoValue ( i, &quot;SSObj_ID&quot; )",通过ObjectName获取编码 Online Help 通过 ObjectName 获取编码 GetCodeByObjectName 函数 GetCodeByObjectName 函数 通过 ObjectName 获取编码。 SSFunc.GetCodeByObjectName(strObject
557,获取扩展属性默认值,ClearSelection,SSProcess.GetSelGeoCount(),"获取扩展属性默认值 Online Help 获取扩展属性默认值 GetDefaultAttrValue 函数 GetDefaultAttrValue 函数 获取扩展属性默认值。 SSFunc.GetDefaultAttrValue(nCode, vFields, nFieldCount, vDefa"
558,获取点到折线的最近距离平方,,,"获取点到折线的最近距离平方 Online Help 获取点到折线的最近距离平方 GetNearstDistSquare 函数 GetNearstDistSquare 函数 获取点到折线的最近距离平方。 SSFunc.GetNearstDistSquare(spx, spy, xPoints, yPo"
559,获取地物列表的外接矩形,ClearSelection,"SSProcess.GetSelGeoValue ( i , &quot;SSObj_ID&quot; )","获取地物列表的外接矩形 Online Help 获取地物列表的外接矩形 GetObjectRect 函数 GetObjectRect 函数 获取地物列表的外接矩形。 SSFunc.GetObjectRect(vArrayObj, nCount, bIsObjHander, vArrayRect) 参"
560,获取带号,,,获取带号 Online Help 获取带号 GetStripNumber 函数 GetStripNumber 函数 获取带号。 SSFunc.GetStripNumber() 参数 说明 执行该函数，将返回当前图幅带号。 示例 先对当前图幅代号进行设定为 40 ，再对其进行获取。 Sub OnCli
561,点列中是否有指定标记的点,,,"点列中是否有指定标记的点 Online Help 点列中是否有指定标记的点 HasPointMark 函数 HasPointMark 函数 点列中是否有指定标记的点。 SSFunc.HasPointMark(hObj, nBitValue, bIsObjHander) 参数 hObj nBitVal"
562,多义线（折线）分解,,,多义线（折线）分解 Online Help 多义线（折线）分解 LineCrack 函数 LineCrack 函数 多义线（折线）分解。 SSFunc.LineCrack()
563,平移地物,,,"平移地物 Online Help 平移地物 OffsetObjList 函数 OffsetObjList 函数 平移地物。 SSFunc.OffsetObjList(vArrayObj, nCount, bIsObjHander, bSaveToMap, x, y, z) 参数 vArrayObj "
564,打开LOG文件,GetProjectFileName,SSProcess.GetProjectFileName,"打开LOG文件 Online Help 打开 LOG 文件 OpenLogFile 函数 OpenLogFile 函数 打开 LOG 文件。 SSFunc.OpenLogFile(strFile, strPostfix) 参数 strFile 设置 LOG 文件的路径 strPostfix 设置 L"
565,输出指定范围内的图形到BMP图片,CreateNewObj,SSProcess.CreateNewObj,"输出指定范围内的图形到BMP图片 Online Help 输出指定范围内的图形到 BMP 图片 OutputGraphToBmp 函数 OutputGraphToBmp 函数 输出指定范围内的图形到 BMP 图片。 SSFunc.OutputGraphToBmp(minX, minY, maxX, "
566,分解字符串，返回分解后的数组及数组元素个数,,,"分解字符串，返回分解后的数组及数组元素个数 Online Help 分解字符串，返回分解后的数组及数组元素个数 ScanString 函数 ScanString 函数 分解字符串，返回分解后的数组及数组元素个数。 SSFunc.ScanString(str, strSeparator, vArray"
567,选择分级属性,,,"选择分级属性 Online Help 选择分级属性 SelectGradeAttr 函数 SelectGradeAttr 函数 选择分级属性。 SSFunc.SelectGradeAttr(strTable, strFields, strTitle) 参数 strTable 属性表名称 strFie"
568,设置二进制位的值,,,"设置二进制位的值 Online Help 设置二进制位的值 SetBinaryBitValue 函数 SetBinaryBitValue 函数 设置二进制位的值。 SSFunc.SetBinaryBitValue(nData, nBit)"
569,设置文本数据到剪切板,,,设置文本数据到剪切板 Online Help 设置文本数据到剪切板 SetClipboardData 函数 SetClipboardData 函数 设置文本数据到剪切板。 SSFunc.SetClipboardData(strData)
570,设置带号,,,设置带号 Online Help 设置带号 SetStripNumber 函数 SetStripNumber 函数 设置带号。 SSFunc.SetStripNumber(nStripNumber) 参数 nStripNumber 带号 说明 执行该函数，将按指定带号，重置当前工程的投影带号。 示例
571,排序,,,"排序 Online Help 排序 SortArray 函数 SortArray 函数 排序。 SSFunc.SortArray(vArray, nCount, nType) 参数 vArray 数组名称 nCount 个数 nType 排序类型 nType=0 时按数字与非数字组合排序，例如结果如"
572,对数组按值排序,ClearSelection,SSProcess.GetSelGeoCount(),"对数组按值排序 Online Help 对数组按值排序 SortArrayByValue 函数 SortArrayByValue 函数 对数组按值排序。 SSFunc.SortArrayByValue(arValue, arKey, nCount, nAscending, nType) 参数 arV"
573,对地物按分支排序,,,"对地物按分支排序 Online Help 对地物按分支排序 SortByBranch 函数 SortByBranch 函数 对地物按分支排序。 SSFunc.SortByBranch(vArrayObj, nCount, bIsObjHander, strParameter)"
574,汉字转拼音,PushUndoMark,"SSProcess.GetSelNoteValue(i, &quot;SSObj_ID&quot; )","汉字转拼音 Online Help 汉字转拼音 TransHZ2PY 函数 TransHZ2PY 函数 汉字转拼音。 SSFunc.TransHZ2PY(strHZ, nMakeUpper) 参数 strHZ 输入的汉字 nMakeUpper 说明 使用此函数将汉字转换成拼音。 示例 将注记内容转换"
575,写LOG文件,GetProjectFileName,SSProcess.GetProjectFileName,写LOG文件 Online Help 写 LOG 文件 WriteLogFile 函数 WriteLogFile 函数 写 LOG 文件。 SSFunc.WriteLogFile(strText) 参数 strText 需要写入 LOG 文件的字符串 说明 执行该函数，将字符串写入 LOG 日志文件
576,SSProject对象参考,,,SSProject对象参考 Online Help SSProject 对象参考 SSProject 对象参考 工程管理函数
577,工程管理函数,,,工程管理函数 Online Help 工程管理函数 工程管理函数 关闭数据源 CloseDataSource 关闭地图 CloseMap 创建数据源 CreateDataSource 创建图层 CreateLayer 创建地图 CreateMap 删除图层 DeleteLayer 获取活动数据源句柄
578,关闭数据源,ClearSelection,SSProcess.ClearSelection,"关闭数据源 Online Help 关闭数据源 CloseDataSource 函数 CloseDataSource 函数 关闭数据源。 SSProject.CloseDataSource(mapHandle, datasourceHandle) 参数 mapHandle 地图句柄 datasour"
579,关闭地图,,,关闭地图 Online Help 关闭地图 CloseMap 函数 CloseMap 函数 关闭地图。 SSProject.CloseMap(mapHandle) 参数 mapHandle 地图句柄 说明 示例 Sub OnClick () mapHandle = SSProject.GetActi
580,创建数据源,,,"创建数据源 Online Help 创建数据源 CreateDataSource 函数 CreateDataSource 函数 创建数据源。 SSProject.CreateDataSource(datasourceHandle, datasourceName, mapScale, datasour"
581,创建图层,,,"创建图层 Online Help 创建图层 CreateLayer 函数 CreateLayer 函数 创建图层。 SSProject.CreateLayer(layerHandle, layerName) 参数 layerHandle 图层句柄 layerName 层名 说明"
582,创建地图,,,"创建地图 Online Help 创建地图 CreateMap 函数 CreateMap 函数 创建地图。 SSProject.CreateMap(templateName, mapName) 参数 templateName 模板名称 mapName 地图名称 说明"
583,删除图层,,,删除图层 Online Help 删除图层 DeleteLayer 函数 DeleteLayer 函数 删除图层。 SSProject.SSProject.DeleteLayer( layerName) 参数 layerName 要删除的图层名称 说明 执行该函数， 将先删除图层内的所有对象，后删除
584,获取活动数据源句柄,,,获取活动数据源句柄 Online Help 获取活动数据源句柄 GetActiveDatasource 函数 GetActiveDatasource 函数 获取活动数据源句柄。 SSProject.GetActiveDatasource(mapHandle) 参数 mapHandle 数据源句柄 说
585,获取活动地图句柄,,,获取活动地图句柄 Online Help 获取活动地图句柄 GetActiveMap 函数 GetActiveMap 函数 获取活动地图句柄。 SSProject.GetActiveMap() 参数 说明 执行该函数，将返回当前活动工程的句柄。 示例 Sub OnClick() Msgbox SSP
586,获取活动工程句柄,,,获取活动工程句柄 Online Help 获取活动工程句柄 GetActiveProject 函数 GetActiveProject 函数 获取活动工程句柄。 SSProject.GetActiveProject() 参数 说明 直接返回当前活动工程句柄。 示例 Sub OnClick() Msgb
587,获取数据源句柄,,,"获取数据源句柄 Online Help 获取数据源句柄 GetDataSource 函数 GetDataSource 函数 获取数据源句柄。 SSProject.GetDataSource(mapHandle, index) 参数 mapHandle 地图句柄 index 序号 说明 示例 Sub "
588,根据数据源名称获取数据源句柄,,,"根据数据源名称获取数据源句柄 Online Help 根据数据源名称获取数据源句柄 GetDataSourceByname 函数 GetDataSourceByname 函数 根据数据源名称获取数据源句柄。 SSProject.GetDataSourceByname(mapHandle, datas"
589,获取数据源信息,,,"获取数据源信息 Online Help 获取数据源信息 GetDataSourceInfo 函数 GetDataSourceInfo 函数 获取数据源信息。 SSProject.GetDataSourceInfo(datasourceHandle, keyName) 参数 datasourceHan"
590,获取数据源的图层句柄,,,"获取数据源的图层句柄 Online Help 获取数据源的图层句柄 GetDataSourceLayer 函数 GetDataSourceLayer 函数 获取数据源的图层句柄。 SSProject.GetDataSourceLayer(datasourceHandle, index) 参数 dat"
591,根据层名获取数据源的图层句柄,,,根据层名获取数据源的图层句柄 Online Help 根据层名获取数据源的图层句柄 GetDataSourceLayerByname 函数 GetDataSourceLayerByname 函数 根据层名获取数据源的图层句柄。 SSProject.GetDataSourceLayerByname(d
592,获取数据源的图层数,,,获取数据源的图层数 Online Help 获取数据源的图层数 GetDataSourceLayerCount 函数 GetDataSourceLayerCount 函数 获取数据源的图层数。 SSProject.GetDataSourceLayerCount(datasourceHandle) 参
593,获取图层信息,,,"获取图层信息 Online Help 获取图层信息 GetLayerInfo 函数 GetLayerInfo 函数 获取图层信息。 SSProject.GetLayerInfo(layerHandle, keyName) 参数 layerHandle 图层句柄 keyName 关键字 说明 示例 S"
594,获取地图句柄,,,"获取地图句柄 Online Help 获取地图句柄 GetMap 函数 GetMap 函数 获取地图句柄。 SSProject.GetMap(index) 参数 index 地图的索引号 , 从 0 开始 说明 执行该函数，获取指定地图索引的句柄 。 示例 Sub OnClick() SSProje"
595,获取地图个数,,,获取地图个数 Online Help 获取地图个数 GetMapCount 函数 GetMapCount 函数 获取地图个数。 SSProject.GetMapCount() 参数 说明 执行该函数，可以获取当前工程地图的个数 。 示例 Sub OnClick () MapCount = SSPro
596,获取地图数据源个数,,,获取地图数据源个数 Online Help 获取地图数据源个数 GetMapDataSourceCount 函数 GetMapDataSourceCount 函数 获取地图数据源个数。 SSProject.GetMapDataSourceCount(mapHandle) 参数 说明 示例 Sub C
597,获取地图信息,,,"获取地图信息 Online Help 获取地图信息 GetMapInfo 函数 GetMapInfo 函数 获取地图信息。 SSProject.GetMapInfo(mapHandle, keyName) 参数 mapHandle 地图句柄 keyName 需要获取的信息名称 说明 示例 Sub O"
598,获取工程句柄,UpdateCurMap,SSProcess.UpdateCurMap,获取工程句柄 Online Help 获取工程句柄 GetProject 函数 GetProject 函数 获取工程句柄。 SSProject.GetProject(index) 参数 index 工程序号 函数直接返回打开的第 index 工程的工程句柄。 说明 执行该函数，获取系统传回的所对应的
599,获取工程个数,UpdateCurMap,SSProcess.UpdateCurMap,获取工程个数 Online Help 获取工程个数 GetProjectCount 函数 GetProjectCount 函数 获取工程个数。 SSProject.GetProjectCount() 参数 说明 示例 Sub OnClick () prjCount = SSProject. GetP
600,打开数据源,,,"打开数据源 Online Help 打开数据源 OpenDataSource 函数 OpenDataSource 函数 打开数据源。 SSProject.OpenDataSource(datasourceHandle, datasourceName, datasourceType) 参数 datas"
601,打开地图,,,打开地图 Online Help 打开地图 OpenMap 函数 OpenMap 函数 打开地图。 SSProject.OpenMap(mapName) 参数 mapName 需要打开的地图名称 说明 一个工程文件一般情况只有一个地图，对于特殊业务比如房产图、地籍宗地图，就会在一个工程存在多张地图，
602,刷新工作空间窗口,,,刷新工作空间窗口 Online Help 刷新工作空间窗口 RefreshWorkspace 函数 RefreshWorkspace 函数 刷新工作空间窗口。 SSProject.RefreshWorkspace() 参数 说明 执行该函数可以刷新工作空间窗口，该函数不单独使用， EPS 功能模块中
603,设置活动数据源,,,"设置活动数据源 Online Help 设置活动数据源 SetActiveDatasource 函数 SetActiveDatasource 函数 设置活动数据源。 SSProject.SetActiveDatasource(mapHandle, datasourceHandle) 参数 mapHa"
604,根据数据源名称设置活动数据源,,,根据数据源名称设置活动数据源 Online Help 根据数据源名称设置活动数据源 SetActiveDataSourceByname 函数 SetActiveDataSourceByname 函数 根据数据源名称设置活动数据源。 SSProject.SetActiveDataSourceBynam
605,设置活动地图,,,设置活动地图 Online Help 设置活动地图 SetActiveMap 函数 SetActiveMap 函数 设置活动地图。 SSProject.SSProject.SetActiveMap(mapHandle) 参数 mapHandle 地图句柄 说明 执行该函数， 将把指定的地图设置为活动
606,设置活动工程,UpdateCurMap,SSProcess.UpdateCurMap,设置活动工程 Online Help 设置活动工程 SetActiveProject 函数 SetActiveProject 函数 设置活动工程。 SSProject.SetActiveProject(projectHandle) 参数 projectHandle 工程句柄 说明 执行该函数，获取系
607,设置数据源信息,,,"设置数据源信息 Online Help 设置数据源信息 SetDataSourceInfo 函数 SetDataSourceInfo 函数 设置数据源信息。 SSProject.SetDataSourceInfo(datasourceHandle, keyName, keyValue) 参数 dat"
608,设置图层信息,,,"设置图层信息 Online Help 设置图层信息 SetLayerInfo 函数 SetLayerInfo 函数 设置图层信息。 SSProject.SetLayerInfo(layerHandle, keyName, keyValue) 参数 layerHandle 图层句柄 keyName 关"
609,设置地图信息,,,"设置地图信息 Online Help 设置地图信息 SetMapInfo 函数 SetMapInfo 函数 设置地图信息。 SSProject.SetMapInfo(mapHandle, keyName, keyValue) 参数 mapHandle 地图句柄 keyName 关键字 keyValu"
610,常用脚本函数,,,常用脚本函数 Online Help 常用脚本函数 常用脚本函数 获取指定目录下指定扩展名的所有文件 GetAllFiles
611,获取指定目录下指定扩展名的所有文件,,,"获取指定目录下指定扩展名的所有文件 Online Help 获取指定目录下指定扩展名的所有文件 GetAllFiles 函数 GetAllFiles 函数 获取指定目录下指定扩展名的所有文件。 Function GetAllFiles(ByRef pathname, ByRef fileExt, B"
